Drug_ID,Drug,Y
Tolamolol,Cc1ccccc1OCC(O)C[NH2+]CCOc1ccc(C(N)=O)cc1,4.0
Cefpiramide,Cc1cc([O-])c(C(=O)NC(C(=O)NC2C(=O)N3C(C(=O)[O-])=C(CSc4nnnn4C)CSC23)c2ccc(O)cc2)cn1,0.15
AP1903,CCC(C(=O)N1CCCCC1C(=O)OC(CCc1ccc(OC)c(OC)c1)c1cccc(OCC(=O)NCCNC(=O)COc2cccc(C(CCc3ccc(OC)c(OC)c3)OC(=O)C3CCCCN3C(=O)C(CC)c3cc(OC)c(OC)c(OC)c3)c2)c1)c1cc(OC)c(OC)c(OC)c1,0.62
Dabigatran,Cn1c(CNc2ccc(C(N)=[NH2+])cc2)nc2cc(C(=O)N(CCC(=O)[O-])c3ccccn3)ccc21,0.85
Propiverine,CCCOC(C(=O)OC1CC[NH+](C)CC1)(c1ccccc1)c1ccccc1,2.73
Remifentanil,CCC(=O)N(c1ccccc1)C1(C(=O)OC)CCN(CCC(=O)OC)CC1,0.4
Palonosetron,O=C1c2cccc3c2C(CCC3)CN1C1C[NH+]2CCC1CC2,6.3
Intoplicine,Cc1c[nH+]c(NCCC[NH+](C)C)c2c1[nH]c1ccc3cc(O)ccc3c12,11.0
DX-52-1,COc1cccc2c1C(CO)N1C(C#N)C3CC(C(=O)[O-])C(C1C2)N3C,0.23
Molsidomine,CCOC(=O)Nc1c[n+](N2CCOCC2)no1,1.4
Linagliptin,CC#CCn1c(N2CCCC([NH3+])C2)nc2c1c(=O)n(Cc1nc(C)c3ccccc3n1)c(=O)n2C,16.0
Glipizide,Cc1cnc(C(=O)NCCc2ccc(S(=O)(=O)[N-]C(=O)NC3CCCCC3)cc2)cn1,0.16
Methylnaltrexone,C[N+]1(CC2CC2)CCC23c4c5ccc(O)c4OC2C(=O)CCC3(O)C1C5,2.6
Etomidate,CCOC(=O)c1cncn1C(C)c1ccccc1,2.7
Rosaramicin,CCC1OC(=O)CC(O)C(C)C(OC2OC(C)CC([NH+](C)C)C2O)C(CC=O)CC(C)C(=O)/C=C\C2(C)OC2C1C,2.83
Erlotinib,C#Cc1cccc(Nc2ncnc3cc(OCCOC)c(OCCOC)cc23)c1,0.77
Timolol,CC(C)(C)[NH2+]CC(O)COc1nsnc1N1CCOCC1,1.5
Clozapine,C[NH+]1CCN(C2=Nc3cc(Cl)ccc3Nc3ccccc32)CC1,1.6
Drotaverine,CCOc1ccc(/C=C2\NCCc3cc(OCC)c(OCC)cc32)cc1OCC,1.9
Rosuvastatin,CC(C)c1nc(N(C)S(C)(=O)=O)nc(-c2ccc(F)cc2)c1/C=C/C(O)CC(O)CC(=O)[O-],1.7
Scopolamine,C[NH+]1C2CC(OC(=O)C(CO)c3ccccc3)CC1C1OC12,3.1
Phylloquinone,CC1=C(C/C=C(\C)CCCC(C)CCCC(C)CCCC(C)C)C(=O)c2ccccc2C1=O,0.32
Carocainide,CNC(=O)Nc1c(OCCN2CCCC2)c(OC)c2occc2c1OC,0.8
Ascorbic acid,O=C1OC(C(O)CO)C([O-])=C1O,0.35
Tasidotin,CC(C)C(NC(=O)C(C(C)C)N(C)C)C(=O)N(C)C(C(=O)N1CCCC1C(=O)N1CCCC1C(=O)NC(C)(C)C)C(C)C,0.33
OR-1896,CC(=O)Nc1ccc(C2=NNC(=O)CC2C)cc1,2.38
Levosimendan,CC1CC(=O)NN=C1c1ccc([N-]N=C(C#N)C#N)cc1,0.24
Glufosfamide,O=P(NCCCl)(NCCCl)OC1OC(CO)C(O)C(O)C1O,0.24
Minoxidil,Nc1cc(N2CCCCC2)nc(N)[n+]1[O-],0.9
Nortriptyline,C[NH2+]CCC=C1c2ccccc2CCc2ccccc21,22.0
Amitriptyline,C[NH+](C)CCC=C1c2ccccc2CCc2ccccc21,8.7
Bromazepam,O=C1CN=C(c2ccccn2)c2cc(Br)ccc2N1,0.85
Rofecoxib,CS(=O)(=O)c1ccc(C2=C(c3ccccc3)C(=O)OC2)cc1,1.3
Dapagliflozin,CCOc1ccc(Cc2cc(C3OC(CO)C(O)C(O)C3O)ccc2Cl)cc1,1.7
Flumazenil,CCOC(=O)c1ncn2c1CN(C)C(=O)c1cc(F)ccc1-2,0.8
Kanamycin,NC1CC([NH3+])C(OC2OC(C[NH3+])C(O)C(O)C2O)C(O)C1OC1OC(CO)C(O)C(N)C1O,0.26
Gentamicin,C[NH2+]C(C)C1CCC(N)C(OC2C(N)CC(N)C(OC3OCC(C)(O)C([NH2+]C)C3O)C2O)O1,0.33
Tobramycin,NCC1OC(OC2C(N)CC(N)C(OC3OC(CO)C(O)C([NH3+])C3O)C2O)C([NH3+])CC1O,0.23
Arbekacin,N[C@H]1[C@H](O)[C@@H](CO)O[C@H](O[C@@H]2[C@@H](O)[C@H](O[C@H]3O[C@H](C[NH3+])CC[C@H]3[NH3+])[C@@H](N)C[C@H]2NC(=O)[C@@H](O)CC[NH3+])[C@@H]1O,0.21
Amikacin,NC1CC(NC(=O)C(O)CC[NH3+])C(OC2OC(CO)C(O)C([NH3+])C2O)C(O)C1OC1OC(C[NH3+])C(O)C(O)C1O,0.16
Dibekacin,NC1CC(N)C(OC2OC(CO)C(O)C(N)C2O)C(O)C1OC1OC(C[NH3+])CCC1[NH3+],0.13
Isepamicin,C[NH2+]C1C(O)C(OC2C(NC(=O)C(O)C[NH3+])CC(N)C(OC3OC(C[NH3+])C(O)C(O)C3O)C2O)OCC1(C)O,0.32
Micronomicin,CNC[C@@H]1CC[C@@H](N)[C@@H](O[C@H]2[C@@H](N)C[C@@H](N)[C@H](O[C@H]3OC[C@](C)(O)[C@H](NC)[C@H]3O)[C@H]2O)O1,0.15
Oxiracetam,NC(=O)CN1CC(O)CC1=O,0.55
Nifedipine,COC(=O)C1=C(C)NC(C)=C(C(=O)OC)C1c1ccccc1[N+](=O)[O-],0.79
Nimodipine,COCCOC(=O)C1=C(C)NC(C)=C(C(=O)OC(C)C)C1c1cccc([N+](=O)[O-])c1,1.1
Nisoldipine,COC(=O)C1=C(C)NC(C)=C(C(=O)OCC(C)C)C1c1ccccc1[N+](=O)[O-],5.5
Nitrendipine,CCOC(=O)C1=C(C)NC(C)=C(C(=O)OC)C1c1cccc([N+](=O)[O-])c1,6.1
Clevidipine,CCCC(=O)OCOC(=O)C1=C(C)NC(C)=C(C(=O)OC)C1c1cccc(Cl)c1Cl,0.58
Felodipine,CCOC(=O)C1=C(C)NC(C)=C(C(=O)OC)C1c1cccc(Cl)c1Cl,4.4
Amlodipine,CCOC(=O)C1=C(COCC[NH3+])NC(C)=C(C(=O)OC)C1c1ccccc1Cl,17.0
Epiroprim,CCOc1cc(Cc2cnc(N)nc2N)cc(OCC)c1-n1cccc1,2.5
Rolofylline,CCCn1c(=O)c2nc(C34CC5CC(CC3C5)C4)[nH]c2n(CCC)c1=O,4.3
Mycophenolic acid,COc1c(C)c2c(c(O)c1C/C=C(\C)CCC(=O)[O-])C(=O)OC2,0.77
Medroxalol,CC(CCc1ccc2c(c1)OCO2)[NH2+]CC(O)c1ccc(O)c(C(N)=O)c1,7.9
Levorphanol,C[NH+]1CCC23CCCCC2C1Cc1ccc(O)cc13,11.5
Mirabegron,Nc1nc(CC(=O)Nc2ccc(CC[NH2+]CC(O)c3ccccc3)cc2)cs1,23.8
Napsagatran,NC(=[NH2+])N1CCCC(CNC(=O)CC(NS(=O)(=O)c2ccc3ccccc3c2)C(=O)N(CC(=O)[O-])C2CC2)C1,0.36
Olcegepant,[NH3+]CCCCC(NC(=O)C(Cc1cc(Br)c([O-])c(Br)c1)NC(=O)N1CCC(N2Cc3ccccc3NC2=O)CC1)C(=O)N1CCN(c2cc[nH+]cc2)CC1,0.31
Bufuralol,CCc1cccc2cc(C(O)C[NH2+]C(C)(C)C)oc12,1.7
1-Aminocyclopropanecarboxylic Acid,[NH3+]C1(C(=O)[O-])CC1,0.73
Cilastatin,CC1(C)CC1C(=O)N/C(=C\CCCCSCC([NH3+])C(=O)[O-])C(=O)[O-],0.15
Proquazone,Cc1ccc2c(-c3ccccc3)nc(=O)n(C(C)C)c2c1,0.52
XK469R,CC(Oc1ccc(Oc2cnc3ccc(Cl)cc3n2)cc1)C(=O)[O-],0.19
Amezinium,COc1cc(N)cn[n+]1-c1ccccc1,4.0
Ixabepilone,C/C(=C\c1csc(C)n1)C1CC2OC2(C)CCCC(C)C(O)C(C)C(=O)C(C)(C)C(O)CC(=O)N1,11.0
Verapamil,COc1ccc(CC[NH+](C)CCCC(C#N)(c2ccc(OC)c(OC)c2)C(C)C)cc1OC,3.7
Gallopamil,COc1ccc(CC[NH+](C)CCCC(C#N)(c2cc(OC)c(OC)c(OC)c2)C(C)C)cc1OC,1.75
Ginsenoside RD,CC(C)=CCCC(C)(OC1OC(CO)C(O)C(O)C1O)C1CCC2(C)C1C(O)CC1C3(C)CCC(OC4OC(CO)C(O)C(O)C4OC4OC(CO)C(O)C(O)C4O)C(C)(C)C3CCC12C,0.11
Viqualine,C=C[C@@H]1CNCC[C@@H]1CCCc1ccnc2ccc(OC)cc12,24.4
"L-778,123",N#Cc1ccc(Cn2cncc2CN2CCN(c3cccc(Cl)c3)C(=O)C2)cc1,0.8
Dexniguldipine,COC(=O)C1=C(C)NC(C)=C(C(=O)OCCC[NH+]2CCC(c3ccccc3)(c3ccccc3)CC2)C1c1cccc([N+](=O)[O-])c1,8.4
Lenapenem,C[NH2+]CC[C@@H](O)[C@@H]1C[C@H](SC2=C(C(=O)[O-])N3C(=O)[C@H]([C@@H](C)O)[C@H]3[C@H]2C)CN1,0.22
Panipenem,CC(=[NH2+])N1CCC(SC2=C(C(=O)[O-])N3C(=O)C(C(C)O)C3C2)C1,0.19
Cefclidin,CO/N=C(/C(=O)NC1C(=O)N2C(C(=O)[O-])=C(C[N+]34CCC(C(N)=O)(CC3)CC4)CSC12)c1nsc(N)n1,0.27
Ranitidine,CN/C(=C\[N+](=O)[O-])NCCSCc1ccc(C[NH+](C)C)o1,1.2
Nafcillin,CCOc1ccc2ccccc2c1C(=O)NC1C(=O)N2C1SC(C)(C)C2C(=O)[O-],0.22
KNI-272,CSCC(NC(=O)COc1cccc2cnccc12)C(=O)NC(Cc1ccccc1)C(O)C(=O)N1CSCC1C(=O)NC(C)(C)C,0.11
R 82913,CC(C)=CCN1Cc2cc(Cl)cc3[nH]c(=S)n(c23)C[C@@H]1C,21.98
Brostallicin,C=C(Br)C(=O)Nc1cc(C(=O)Nc2cc(C(=O)Nc3cc(C(=O)Nc4cc(C(=O)NCCNC(N)=[NH2+])n(C)c4)n(C)c3)n(C)c2)n(C)c1,0.36
Maxipost,COc1ccc(Cl)cc1C1(F)C(=O)[N-]c2cc(C(F)(F)F)ccc21,10.0
Ketamine,C[NH2+]C1(c2ccccc2Cl)CCCCC1=O,2.9
LY2090314,O=C1NC(=O)C(c2cnc3ccccn23)=C1c1cn2c3c(cc(F)cc13)CN(C(=O)N1CCCCC1)CC2,1.2
RPR 109881A,CC(=O)O[C@H]1C(=O)[C@]23C[C@H]2C[C@H]2OC[C@@]2(OC(C)=O)[C@H]3[C@H](OC(=O)c2ccccc2)[C@]2(O)C[C@H](OC(=O)[C@H](O)[C@@H](NC(=O)OC(C)(C)C)c3ccccc3)C(C)=C1C2(C)C,12.0
Larotaxel,CC(=O)O[C@H]1C(=O)[C@]23C[C@H]2C[C@H]2OC[C@@]2(OC(C)=O)[C@H]3[C@H](OC(=O)c2ccccc2)[C@]2(O)C[C@H](OC(=O)[C@H](O)[C@@H](NC(=O)OC(C)(C)C)c3ccccc3)C(C)=C1C2(C)C,17.0
Indomethacin,COc1ccc2c(c1)c(CC(=O)[O-])c(C)n2C(=O)c1ccc(Cl)cc1,0.1
CYT997,CCCC(Nc1nc(-c2ccc(NC(=O)NCC)c(OC)c2)ncc1C)c1cccnc1,3.41
Bilobalide,CC(C)(C)C1(O)CC2OC(=O)CC23C(=O)OC2OC(=O)C(O)C231,2.5
Etoricoxib,Cc1ccc(-c2ncc(Cl)cc2-c2ccc(S(C)(=O)=O)cc2)cn1,1.5
Tropisetron,C[NH+]1C2CCC1CC(OC(=O)c1c[nH]c3ccccc13)C2,9.7
Sulfamethoxazole,Cc1cc([N-]S(=O)(=O)c2ccc(N)cc2)no1,0.3
Vinorelbine,CCC1=CC2CN(C1)Cc1c([nH]c3ccccc13)C(C(=O)OC)(c1cc3c(cc1OC)N(C)C1C(O)(C(=O)OC)C(OC(C)=O)C4(CC)C=CCN5CCC31C54)C2,23.0
Cefoxitin,COC1(NC(=O)Cc2cccs2)C(=O)N2C(C(=O)[O-])=C(COC(N)=O)CSC21,0.17
Cephalothin,CC(=O)OCC1=C(C(=O)[O-])N2C(=O)C(NC(=O)Cc3cccs3)C2SC1,0.07
Bendamustine,Cn1c(CCCC(=O)[O-])[nH+]c2cc(N(CCCl)CCCl)ccc21,0.22
Carebastine,CC(C)(C(=O)[O-])c1ccc(C(=O)CCC[NH+]2CCC(OC(c3ccccc3)c3ccccc3)CC2)cc1,0.41
Azimilide,C[NH+]1CCN(CCCCN2C(=O)CN(/N=C/c3ccc(-c4ccc(Cl)cc4)o3)C2=O)CC1,13.0
Tirapazamine,Nc1n[n+]([O-])c2ccccc2[n+]1[O-],0.56
Sulbactam,CC1(C)C(C(=O)[O-])N2C(=O)CC2S1(=O)=O,0.32
Aprepitant,CC(OC1OCCN(Cc2n[nH]c(=O)[nH]2)C1c1ccc(F)cc1)c1cc(C(F)(F)F)cc(C(F)(F)F)c1,0.94
Fosaprepitant,CC(OC1OCCN(Cc2nn(P(=O)([O-])[O-])c(=O)[nH]2)C1c1ccc(F)cc1)c1cc(C(F)(F)F)cc(C(F)(F)F)c1,0.07
Alprostadil,CCCCCC(O)/C=C/C1C(O)CC(=O)C1CCCCCCC(=O)[O-],2.4
"Aminocamptothecin, 9-",CCC1(O)C(=O)OCc2c1cc1n(c2=O)Cc2cc3c(N)cccc3nc2-1,2.2
Topotecan,CCC1(O)C(=O)OCc2c1cc1n(c2=O)Cc2cc3c(C[NH+](C)C)c(O)ccc3nc2-1,1.8
Silatecan,CCC1(O)C(=O)OCc2c1cc1n(c2=O)Cc2c-1nc1ccc(O)cc1c2[Si](C)(C)C(C)(C)C,0.47
Voriconazole,CC(c1ncncc1F)C(O)(Cn1cncn1)c1ccc(F)cc1F,2.2
Perindoprilat,CCCC([NH2+]C(C)C(=O)N1C(C(=O)[O-])CC2CCCCC21)C(=O)[O-],0.76
Ombrabulin,COc1ccc(/C=C/c2cc(OC)c(OC)c(OC)c2)cc1NC(=O)C(N)CO,0.44
Belinostat,O=C(/C=C/c1cccc(S(=O)(=O)Nc2ccccc2)c1)NO,0.8
Ethinylestradiol,C#CC1(O)CCC2C3CCc4cc(O)ccc4C3CCC21C,4.3
Ethinylestradiol-17-Sulfate,C#CC1(OS(=O)(=O)[O-])CCC2C3CCc4cc(O)ccc4C3CCC21C,0.61
Ethinylestradiol-3-Sulfate,C#CC1(O)CCC2C3CCc4cc(OS(=O)(=O)[O-])ccc4C3CCC21C,2.3
Fulvestrant,CC12CCC3c4ccc(O)cc4CC(CCCCCCCCCS(=O)CCCC(F)(F)C(F)(F)F)C3C1CCC2O,4.15
Estradiol,CC12CCC3c4ccc(O)cc4CCC3C1CCC2O,1.2
Estramustine phosphate,CC12CCC3c4ccc(OC(=O)N(CCCl)CCCl)cc4CCC3C1CCC2OP(=O)([O-])[O-],0.12
Desvenlafaxine,C[NH+](C)CC(c1ccc(O)cc1)C1(O)CCCCC1,3.5
Oxybutynin,CC[NH+](CC)CC#CCOC(=O)C(O)(c1ccccc1)C1CCCCC1,0.85
Venlafaxine,COc1ccc(C(C[NH+](C)C)C2(O)CCCCC2)cc1,4.4
Fluorescein,O=C1OC2(c3ccc(O)cc3Oc3cc(O)ccc32)c2ccccc21,0.14
Pimobendan,COc1ccc(-c2nc3ccc(C4=NNC(=O)CC4C)cc3[nH]2)cc1,2.0
Bidisomide,CC(=O)N(CCC(CC[NH+]1CCCCC1)(C(N)=O)c1ccccc1Cl)C(C)C,2.6
NBI-2,C[NH+]([14CH3])CCC1=C(Cc2cccnn2)c2ccc(F)cc2C1,1.11
Indocyanine Green,CC1(C)C(/C=C/C=C/C=C/C=C2\N(CCCCS(=O)(=O)[O-])c3ccc4ccccc4c3C2(C)C)=[N+](CCCCS(=O)(=O)[O-])c2ccc3ccccc3c21,0.04
Antipyrine,Cc1cc(=O)n(-c2ccccc2)n1C,0.77
Indinavir,CC(C)(C)NC(=O)C1CN(Cc2cccnc2)CCN1CC(O)CC(Cc1ccccc1)C(=O)NC1c2ccccc2CC1O,0.82
Dofetilide,C[NH+](CCOc1ccc(NS(C)(=O)=O)cc1)CCc1ccc(NS(C)(=O)=O)cc1,3.3
Tamsulosin,CCOc1ccccc1OCC[NH2+]C(C)Cc1ccc(OC)c(S(N)(=O)=O)c1,0.21
Bazedoxifene,Cc1c(-c2ccc(O)cc2)n(Cc2ccc(OCC[NH+]3CCCCCC3)cc2)c2ccc(O)cc12,15.4
Trimethoprim,COc1cc(Cc2cnc(N)nc2N)cc(OC)c1OC,1.5
Asenapine,C[NH+]1CC2c3ccccc3Oc3ccc(Cl)cc3C2C1,23.0
Tiotropium,C[N+]1(C)C2CC(OC(=O)C(O)(c3cccs3)c3cccs3)CC1C1OC12,32.0
Bosentan,COc1ccccc1Oc1c([N-]S(=O)(=O)c2ccc(C(C)(C)C)cc2)nc(-c2ncccn2)nc1OCCO,0.29
Propylthiouracil,CCCc1cc(=O)[nH]c(=S)[nH]1,0.34
Exatecan (acid),CCC(O)(C(=O)[O-])c1cc2n(c(=O)c1CO)Cc1c-2nc2cc(F)c(C)c3c2c1C([NH3+])CC3,0.44
SNS-032,CC(C)(C)c1cnc(CSc2cnc(NC(=O)C3CC[NH2+]CC3)s2)o1,5.14
Tacrine,Nc1c2c([nH+]c3ccccc13)CCCC2,11.0
Abacavir,Nc1nc(NC2CC2)c2ncn(C3C=CC(CO)C3)c2n1,0.84
KW-2170,[NH3+]CCCNc1ccc2c(C[NH2+]CCO)nn3c4c(O)ccc(O)c4c(=O)c1c23,12.0
Trimazosin,COc1cc2c(N)nc(N3CCN(C(=O)OCC(C)(C)O)CC3)nc2c(OC)c1OC,0.18
Metazosin,COc1cc2nc(N3CCN(C(=O)C(C)OC)CC3)nc(N)c2cc1OC,0.44
Granisetron,Cn1nc(C(=O)NC2CC3CCCC(C2)[NH+]3C)c2ccccc21,3.7
Yohimbine,COC(=O)C1C(O)CCC2CN3CCc4c([nH]c5ccccc45)C3CC21,0.48
Carfilzomib,CC(C)CC(NC(=O)C(CCc1ccccc1)NC(=O)CN1CCOCC1)C(=O)NC(Cc1ccccc1)C(=O)NC(CC(C)C)C(=O)C1(C)CO1,0.13
Urapidil,COc1ccccc1N1CCN(CCCNc2cc(=O)n(C)c(=O)n2C)CC1,0.75
Falipamil,COc1ccc(CC[NH+](C)CCCN2Cc3cc(OC)c(OC)cc3C2=O)cc1OC,2.4
Inogatran,NC(=[NH2+])NCCCNC(=O)C1CCCCN1C(=O)C(CC1CCCCC1)[NH2+]CC(=O)[O-],0.26
LY2140023,CSCCC([NH3+])C(=O)NC1(C(=O)[O-])CS(=O)(=O)C2C(C(=O)[O-])C21,0.44
LY404039,[NH3+]C1(C(=O)[O-])CS(=O)(=O)C2C(C(=O)[O-])C21,0.21
Diflomotecan,CCC1(O)CC(=O)OCc2c1cc1n(c2=O)Cc2cc3cc(F)c(F)cc3nc2-1,1.42
Colchicine,COc1cc2c(c(OC)c1OC)-c1ccc(OC)c(=O)cc1C(NC(C)=O)CC2,6.1
Paroxetine,Fc1ccc(C2CC[NH2+]CC2COc2ccc3c(c2)OCO3)cc1,18.0
Darifenacin,NC(=O)C(c1ccccc1)(c1ccccc1)C1CC[NH+](CCc2ccc3c(c2)CCO3)C1,2.6
Enalaprilat,CC([NH2+]C(CCc1ccccc1)C(=O)[O-])C(=O)N1CCCC1C(=O)[O-],0.38
NBI-1,CC(c1ccccn1)c1c(CC[NH+](C)[14CH3])sc2ccccc12,1.83
CGP15720A,O=C(NCCN1CCN=C1c1ccncc1)Nc1ccc(C(=O)O)cc1,0.35
Sisomicin,C[NH2+]C1C(O)C(OC2C(N)CC([NH3+])C(OC3OC(C[NH3+])=CCC3[NH3+])C2O)OCC1(C)O,0.19
Netilmicin,CCNC1CC(N)C(OC2OC(C[NH3+])=CCC2[NH3+])C(O)C1OC1OCC(C)(O)C([NH2+]C)C1O,0.07
Plazomicin,C[NH2+]C1C(O)C(OC2C(NC(=O)C(O)CC[NH3+])CC([NH3+])C(OC3OC(CNCCO)=CCC3[NH3+])C2O)OCC1(C)O,0.22
Imidafenacin,Cc1nccn1CCC(C(N)=O)(c1ccccc1)c1ccccc1,1.51
Pixantrone,[NH3+]CCNc1ccc(NCC[NH3+])c2c1C(=O)c1ccncc1C2=O,10.1
Ribostamycin,NC1CC([NH3+])C(OC2OC(C[NH3+])C(O)C(O)C2N)C(OC2OC(CO)C(O)C2O)C1O,0.25
Saxagliptin,N#CC1CC2CC2N1C(=O)C(N)C12CC3CC(CC(O)(C3)C1)C2,1.8
Atropine,C[NH+]1C2CCC1CC(OC(=O)C(CO)c1ccccc1)C2,3.3
Ipratropium,CC(C)[N+]1(C)C2CCC1CC(OC(=O)C(CO)c1ccccc1)C2,5.1
Vildagliptin,N#CC1CCCN1C(=O)C[NH2+]C12CC3CC(CC(O)(C3)C1)C2,1.03
Pipecuronium,CC(=O)OC1CC2CCC3C(CCC4(C)C3CC(N3CC[N+](C)(C)CC3)C4OC(C)=O)C2(C)CC1N1CC[N+](C)(C)CC1,0.35
Aztreonam,CC1C(NC(=O)/C(=N\OC(C)(C)C(=O)[O-])c2csc(N)n2)C(=O)N1S(=O)(=O)[O-],0.18
Carumonam,NC(=O)OCC1C(NC(=O)/C(=N/OCC(=O)[O-])c2csc(N)n2)C(=O)N1S(=O)(=O)[O-],0.18
Mirtazapine,C[NH+]1CCN2c3ncccc3Cc3ccccc3C2C1,4.2
Ketanserin,O=C(c1ccc(F)cc1)C1CC[NH+](CCn2c(=O)[nH]c3ccccc3c2=O)CC1,3.9
Sulfadiazine,Nc1ccc(S(=O)(=O)[N-]c2ncccn2)cc1,0.29
Bunazosin,CCCC(=O)N1CCCN(c2nc(N)c3cc(OC)c(OC)cc3n2)CC1,0.72
Galanthamine,COc1ccc2c3c1OC1CC(O)C=CC31CC[NH+](C)C2,2.3
Diazoxide,CC1=NS(=O)(=O)c2cc(Cl)ccc2N1,0.21
Hexobarbital,CN1C(=O)NC(=O)C(C)(C2=CCCCC2)C1=O,1.1
Midazolam,Cc1ncc2n1-c1ccc(Cl)cc1C(c1ccccc1F)=NC2,1.1
Hydroxymidazolam,OCc1ncc2n1-c1ccc(Cl)cc1C(c1ccccc1F)=NC2,0.77
Risedronic acid (Risedronate),O=P([O-])(O)C(O)(Cc1cccnc1)P(=O)([O-])O,6.3
Nicorandil,O=C(NCCO[N+](=O)[O-])c1cccnc1,1.4
Triapine,NC(=S)N/N=C/c1ncccc1N,0.41
Metadoxine,Cc1ncc(CO)c(CO)c1O,0.66
Isoniazide,NNC(=O)c1ccncc1,0.82
Pinacidil,C[C@@H](N/C(=N\c1ccncc1)NC#N)C(C)(C)C,1.1
Penclomedine,COc1nc(C(Cl)(Cl)Cl)c(Cl)c(OC)c1Cl,9.1
CPW 86-363,Cn1nnnc1SCC1=C(C(=O)O)N2C(=O)[C@@H](NC(=O)/C(=N/OCC(=O)O)c3cc[nH]n3)[C@H]2SC1,0.22
Telcagepant,O=C(NC1CCC(c2cccc(F)c2F)CN(CC(F)(F)F)C1=O)N1CCC(n2c(=O)[nH]c3ncccc32)CC1,0.86
Dexanabinol,CCCCCCC(C)(C)c1cc(O)c2c(c1)OC(C)(C)C1CC=C(CO)CC21,5.06
Pipemidic acid,CCn1cc(C(=O)O)c(=O)c2cnc(N3CCNCC3)nc21,0.88
Nalmefene,C=C1CCC2(O)C3Cc4ccc(O)c5c4C2(CC[NH+]3CC2CC2)C1O5,8.2
Phencyclidine,c1ccc(C2([NH+]3CCCCC3)CCCCC2)cc1,6.9
Paeoniflorin,CC12CC3(O)OC(O1)C1(COC(=O)c4ccccc4)C3CC21OC1OC(CO)C(O)C(O)C1O,0.22
Tenoxicam,CN1C(C(=O)Nc2ccccn2)=C([O-])c2sccc2S1(=O)=O,0.19
Acivicin,[NH3+]C(C(=O)[O-])C1CC(Cl)=NO1,0.5
Lorcainide,CC(C)[NH+]1CCC(N(C(=O)Cc2ccccc2)c2ccc(Cl)cc2)CC1,6.6
Moxalactam,COC1(NC(=O)C(C(=O)O)c2ccc(O)cc2)C(=O)N2C(C(=O)[O-])=C(CSc3nnnn3C)COC21,0.17
Clazosentan,COc1ccccc1Oc1c([N-]S(=O)(=O)c2ccc(C)cn2)nc(-c2ccnc(-c3nnn[n-]3)c2)nc1OCCO,0.23
Tezosentan,COc1ccccc1Oc1c([N-]S(=O)(=O)c2ccc(C(C)C)cn2)nc(-c2ccnc(-c3nnn[n-]3)c2)nc1OCCO,0.28
Trovafloxacin,[NH3+]C1C2CN(c3nc4c(cc3F)c(=O)c(C(=O)[O-])cn4-c3ccc(F)cc3F)CC12,1.3
Nevirapine,Cc1ccnc2c1NC(=O)c1cccnc1N2C1CC1,1.3
Nadolol,CC(C)(C)[NH2+]CC(O)COc1cccc2c1CC(O)C(O)C2,1.9
Ceftaroline fosamil,CCO/N=C(/C(=O)NC1C(=O)N2C(C(=O)[O-])=C(Sc3nc(-c4cc[n+](C)cc4)cs3)CSC12)c1nsc(NP(=O)([O-])O)n1,0.53
Moclobemide,O=C(NCCN1CCOCC1)c1ccc(Cl)cc1,1.1
Ketorolac,O=C(c1ccccc1)c1ccc2n1CCC2C(=O)[O-],0.11
S-0139,CC1(C)CCC2(C(=O)[O-])CCC3(COC(=O)/C=C/c4cc(O)ccc4NC(=O)/C=C/C(=O)[O-])C(=CCC4C5(C)CCC(=O)C(C)(C)C5CCC43C)C2C1,1.45
Sulbenicillin,CC1(C)SC2C(NC(=O)C(c3ccccc3)S(=O)(=O)[O-])C(=O)N2C1C(=O)[O-],0.15
BLP1654,CC1(C)SC2C(NC(=O)C(NC(=O)NC(N)=[NH2+])c3ccccc3)C(=O)N2C1C(=O)[O-],0.24
Aspoxicillin,CNC(=O)C[C@@H](N)C(=O)N[C@@H](C(=O)N[C@H]1C(=O)N2[C@@H](C(=O)O)C(C)(C)S[C@H]12)c1ccc(O)cc1,0.27
Carbenicillin,CC1(C)SC2C(NC(=O)C(C(=O)[O-])c3ccccc3)C(=O)N2C1C(=O)[O-],0.17
Amoxicillin,CC1(C)SC2C(NC(=O)C([NH3+])c3ccc(O)cc3)C(=O)N2C1C(=O)[O-],0.25
Penicillin G,CC1(C)SC2C(NC(=O)Cc3ccccc3)C(=O)N2C1C(=O)[O-],0.24
Ampicillin,CC1(C)SC2C(NC(=O)C([NH3+])c3ccccc3)C(=O)N2C1C(=O)[O-],0.22
Olsalazine,O=C([O-])c1cc(N=Nc2ccc(O)c(C(=O)[O-])c2)ccc1O,0.07
Plinabulin,CC(C)(C)c1nc[nH]c1/C=c1\[nH]c(=O)/c(=C/c2ccccc2)[n-]c1=O,3.0
Cibenzoline,c1ccc(C2(c3ccccc3)CC2C2=[NH+]CCN2)cc1,4.1
"Tetrahydrocannabinol, D9-",CCCCCc1cc(O)c2c(c1)OC(C)(C)C1CCC(C)=CC21,8.9
"Tetrahydrocannabinol,11-Nor-9-carboxy-D9-",CCCCCc1cc(O)c2c(c1)OC(C)(C)C1CCC(C(=O)[O-])=CC21,1.28
Dalfampridine,Nc1cc[nH+]cc1,2.6
Pyridostigmine,CN(C)C(=O)Oc1ccc[n+](C)c1,1.1
Pralidoxime,C[n+]1ccccc1/C=N/O,0.8
Sugammadex,O=C(O)CCSC[C@H]1O[C@@H]2O[C@@H]3[C@@H](CSCCC(=O)O)O[C@H](O[C@@H]4[C@@H](CSCCC(=O)O)O[C@H](O[C@@H]5[C@@H](CSCCC(=O)O)O[C@H](O[C@@H]6[C@@H](CSCCC(=O)O)O[C@H](O[C@@H]7[C@@H](CSCCC(=O)O)O[C@H](O[C@@H]8[C@@H](CSCCC(=O)O)O[C@H](O[C@@H]9[C@@H](CSCCC(=O)O)O[C@H](O[C@H]1[C@H](O)[C@H]2O)[C@H](O)[C@H]9O)[C@H](O)[C@H]8O)[C@H](O)[C@H]7O)[C@H](O)[C@H]6O)[C@H](O)[C@H]5O)[C@H](O)[C@H]4O)[C@H](O)[C@H]3O,0.18
Melperone,CC1CC[NH+](CCCC(=O)c2ccc(F)cc2)CC1,14.0
CG200745,CN(C)CCCNC(=O)/C(=C/CCCCC(=O)NO)COc1cccc2ccccc12,0.45
Propranolol,CC(C)[NH2+]CC(O)COc1cccc2ccccc12,3.1
Chlormethiazole,Cc1ncsc1CCCl,6.6
Nizatidine,CN/C(=C\[N+](=O)[O-])NCCSCc1csc(CN(C)C)n1,1.0
Famotidine,N=C(N)Nc1nc(CSCCC(=N)NS(N)(=O)=O)cs1,1.2
Haloperidol,O=C(CCC[NH+]1CCC(O)(c2ccc(Cl)cc2)CC1)c1ccc(F)cc1,17.0
Amiodarone,CCCCc1oc2ccccc2c1C(=O)c1cc(I)c(OCC[NH+](CC)CC)c(I)c1,60.0
Dronedarone,CCCCc1oc2ccc([N-]S(C)(=O)=O)cc2c1C(=O)c1ccc(OCCC[NH+](CCCC)CCCC)cc1,20.0
Caspofungin,CCC(C)CC(C)CCCCCCCCC(=O)NC1CC(O)C(NCC[NH3+])NC(=O)C2C(O)CCN2C(=O)C(C(O)CC[NH3+])NC(=O)C(C(O)C(O)c2ccc(O)cc2)NC(=O)C2CC(O)CN2C(=O)C(C(C)O)NC1=O,0.13
Tramadol,COc1cccc(C2(O)CCCCC2C[NH+](C)C)c1,2.8
Isoxicam,Cc1cc(NC(=O)C2=C([O-])c3ccccc3S(=O)(=O)N2C)no1,0.19
Hypericin,Cc1cc(O)c2c(=O)c3c(O)cc([O-])c4c5c([O-])cc(O)c6c(=O)c7c(O)cc(C)c8c1c2c(c34)c(c78)c65,0.25
Pseudohypericin,Cc1cc(O)c2c(=O)c3c(O)cc([O-])c4c5c([O-])cc(O)c6c(=O)c7c(O)cc(CO)c8c1c2c(c34)c(c65)c78,0.56
Iotrolan,CN(C(=O)CC(=O)N(C)c1c(I)c(C(=O)N[C@H](CO)[C@H](O)CO)c(I)c(C(=O)N[C@H](CO)[C@H](O)CO)c1I)c1c(I)c(C(=O)N[C@H](CO)[C@H](O)CO)c(I)c(C(=O)N[C@H](CO)[C@H](O)CO)c1I,0.23
Ajmaline,CC[C@H]1C2C[C@H]3[C@@H]4N(C)c5ccccc5[C@]45C[C@@H](C2[C@H]5O)[NH+]3[C@@H]1O,4.0
Furosemide,NS(=O)(=O)c1cc(C(=O)[O-])c(NCc2ccco2)cc1Cl,0.12
Cephalexin,CC1=C(C(=O)[O-])N2C(=O)C(NC(=O)C([NH3+])c3ccccc3)C2SC1,0.21
Cefprozil,C/C=C/C1=C(C(=O)[O-])N2C(=O)C(NC(=O)C([NH3+])c3ccc(O)cc3)C2SC1,0.21
Cefadroxil,CC1=C(C(=O)[O-])N2C(=O)C(NC(=O)C([NH3+])c3ccc(O)cc3)C2SC1,0.23
PF-05212384,C[NH+](C)C1CCN(C(=O)c2ccc(NC(=O)Nc3ccc(-c4nc(N5CCOCC5)nc(N5CCOCC5)n4)cc3)cc2)CC1,2.39
Torsemide,Cc1cccc(Nc2ccncc2S(=O)(=O)[N-]C(=O)NC(C)C)c1,0.21
Hydromorphone,C[NH+]1CCC23c4c5ccc(O)c4OC2C(=O)CCC3C1C5,4.3
Oxycodone,COc1ccc2c3c1OC1C(=O)CCC4(O)C(C2)[NH+](C)CCC314,2.5
Mivacurium (cis/cis),COc1cc2c(cc1OC)C(Cc1cc(OC)c(OC)c(OC)c1)[N+](C)(CCCOC(=O)CC/C=C\CCC(=O)OCCC[N+]1(C)CCc3cc(OC)c(OC)cc3C1Cc1cc(OC)c(OC)c(OC)c1)CC2,0.27
Enoximone,CSc1ccc(C(=O)c2[nH]c(=O)[nH]c2C)cc1,1.39
Fenoximone,CSc1ccc(C(=O)c2[nH]c(=O)[nH]c2C)cc1,1.8
Spirapril,CCOC(=O)C(CCc1ccccc1)NC(C)C(=O)N1CC2(CC1C(=O)[O-])SCCS2,0.43
Allopurinol,O=c1[nH]cnc2[nH]ncc12,0.58
Epristeride,CC(C)(C)NC(=O)C1CCC2C3CC=C4C=C(C(=O)[O-])CCC4(C)C3CCC12C,0.54
Risperidone,Cc1nc2n(c(=O)c1CC[NH+]1CCC(c3noc4cc(F)ccc34)CC1)CCCC2,1.1
Fluvastatin,CC(C)n1c(/C=C/C(O)CC(O)CC(=O)[O-])c(-c2ccc(F)cc2)c2ccccc21,0.42
Abanoquil,COc1cc2c(cc1OC)CN(c1cc(N)c3cc(OC)c(OC)cc3[nH+]1)CC2,6.3
Digoxin,CC1OC(OC2C(O)CC(OC3C(O)CC(OC4CCC5(C)C(CCC6C5CC(O)C5(C)C(C7=CC(=O)OC7)CCC65O)C4)OC3C)OC2C)CC(O)C1O,4.1
16-acetyl gitoxin,CC(=O)O[C@H]1C[C@]2(O)[C@H]3CC[C@H]4C[C@H](O[C@H]5C[C@@H](O)[C@@H](O[C@H]6C[C@@H](O)[C@@H](O[C@H]7C[C@@H](O)[C@@H](O)[C@H](C)O7)[C@H](C)O6)[C@H](C)O5)CC[C@@]4(C)[C@H]3CC[C@]2(C)[C@H]1C1=CC(=O)OC1,0.78
Digitoxin,CC1OC(OC2C(O)CC(OC3C(O)CC(OC4CCC5(C)C(CCC6C5CCC5(C)C(C7=CC(=O)OC7)CCC65O)C4)OC3C)OC2C)CC(O)C1O,0.44
Zimelidine,C[NH+](C)C/C=C(/c1ccc(Br)cc1)c1cccnc1,6.8
Naltrexone,O=C1CCC2(O)C3Cc4ccc(O)c5c4C2(CCN3CC2CC2)C1O5,7.6
Romidepsin,C/C=C1\NC(=O)C2CSSCC/C=C\C(CC(=O)NC(C(C)C)C(=O)N2)OC(=O)C(C(C)C)NC1=O,1.2
Ridogrel,O=C([O-])CCCCO/N=C(\c1cccnc1)c1cccc(C(F)(F)F)c1,0.43
Ritodrine,CC([NH2+]CCc1ccc(O)cc1)C(O)c1ccc(O)cc1,4.4
Fenoterol,CC(Cc1ccc(O)cc1)[NH2+]CC(O)c1cc(O)cc(O)c1,1.2
RGB-286638,COCCN1CC[NH+](Cc2ccc(-c3n[nH]c4c3C(=O)c3c(NC(=O)NN5CCOCC5)cccc3-4)cc2)CC1,5.9
Satavaptan,CCOc1ccc2c(c1)C1(CCC(OCCN3CCOCC3)CC1)C(=O)N2S(=O)(=O)c1ccc(C(=O)NC(C)(C)C)cc1OC,7.0
Disopyramide,CC(C)[NH+](CCC(C(N)=O)(c1ccccc1)c1ccccn1)C(C)C,0.52
Chlorpheniramine,C[NH+](C)CCC(c1ccc(Cl)cc1)c1ccccn1,3.3
Cefetamet,CO/N=C(/C(=O)NC1C(=O)N2C(C(=O)[O-])=C(C)CSC12)c1csc(N)n1,0.28
Cefixime,C=CC1=C(C(=O)[O-])N2C(=O)C(NC(=O)/C(=N/OCC(=O)[O-])c3csc(N)n3)C2SC1,0.24
Ceftizoxime,CO/N=C(\C(=O)NC1C(=O)N2C(C(=O)[O-])=CCSC12)c1csc(N)n1,0.2
Cefotaxime,CO/N=C(/C(=O)NC1C(=O)N2C(C(=O)[O-])=C(COC(C)=O)CSC12)c1csc(N)n1,0.19
Flunisolide,CC1(C)OC2CC3C4CC(F)C5=CC(=O)C=CC5(C)C4C(O)CC3(C)C2(C(=O)CO)O1,1.08
Budesonide,CCCC1OC2CC3C4CCC5=CC(=O)C=CC5(C)C4C(O)CC3(C)C2(C(=O)CO)O1,3.9
Triamcinolone Acetonide,CC1(C)OC2CC3C4CCC5=CC(=O)C=CC5(C)C4(F)C(O)CC3(C)C2(C(=O)CO)O1,1.4
Ceftobiprole,Nc1nc(/C(=N\O)C(=O)NC2C(=O)N3C(C(=O)[O-])=C(/C=C4\CCN(C5CC[NH2+]C5)C4=O)CSC23)ns1,0.27
Nortilidine,CCOC(=O)C1(c2ccccc2)CCC=CC1[NH2+]C,2.5
Tilidine,CCOC(=O)C1(c2ccccc2)CCC=CC1[NH+](C)C,4.0
Fentanyl,CCC(=O)N(c1ccccc1)C1CC[NH+](CCc2ccccc2)CC1,0.89
Darapladib,CC[NH+](CC)CCN(Cc1ccc(-c2ccc(C(F)(F)F)cc2)cc1)C(=O)Cn1c(SCc2ccc(F)cc2)nc(=O)c2c1CCC2,11.9
Trabectedin,COc1cc2c(cc1O)CCNC21CSC2c3c(OC(C)=O)c(C)c4c(c3C(COC1=O)N1C(O)C3Cc5cc(C)c(OC)c(O)c5C(C21)[NH+]3C)OCO4,25.0
Ciclesonide,CC(C)C(=O)OCC(=O)C12OC(C3CCCCC3)OC1CC1C3CCC4=CC(=O)C=CC4(C)C3C(O)CC12C,2.9
Dihydroergosine,CC(C)C[C@H]1C(=O)N2CCC[C@H]2[C@]2(O)O[C@@](C)(NC(=O)[C@@H]3C[C@@H]4c5cccc6[nH]cc(c56)C[C@H]4N(C)C3)C(=O)N12,4.02
Rosiglitazone,CN(CCOc1ccc(CC2SC(=O)[N-]C2=O)cc1)c1ccccn1,0.2
Tomopenem,CC(O)C1C(=O)N2C(C(=O)[O-])=C(SC3CC(C(=O)N4CCC(NC(=O)CNC(N)=[NH2+])C4)N(C)C3)C(C)C12,0.23
Cefmetazole,COC1(NC(=O)CSCC#N)C(=O)N2C(C(=O)[O-])=C(CSc3nnnn3C)CSC21,0.13
Ziracin,COC[C@H]1O[C@@H](O[C@@H]2OC[C@@H]3O[C@@]4(OC[C@@H](OC(=O)c5c(C)cc(O)cc5O)[C@@H]5OCO[C@H]54)O[C@H]3[C@H]2O)[C@@H](OC)[C@@H](O)[C@@H]1O[C@@H]1O[C@H](C)[C@H](OC)[C@H](O[C@@H]2O[C@H](C)[C@H]3O[C@]4(C[C@@H](O)[C@H](O[C@H]5C[C@@H](O[C@H]6C[C@](C)([N+](=O)[O-])[C@@H](OC)[C@H](C)O6)[C@H](OC(=O)c6c(C)c(Cl)c([O-])c(Cl)c6OC)[C@@H](C)O5)[C@@H](C)O4)O[C@]3(C)[C@@H]2O)[C@H]1O,0.39
Linezolid,CC(=O)NCC1CN(c2ccc(N3CCOCC3)c(F)c2)C(=O)O1,0.58
Morinidazole,Cc1ncc([N+](=O)[O-])n1CC(O)CN1CCOCC1,0.75
Mitonafide,CN(C)CCN1C(=O)c2cccc3cc([N+](=O)[O-])cc(c23)C1=O,11.3
Amonafide,CN(C)CCN1C(=O)c2cccc3cc(N)cc(c23)C1=O,7.33
Selegiline,CC(O)C[NH+]1CCN(CCOC(c2ccccc2)c2ccc(Cl)cc2)CC1,1.9
Dixyrazine,CC(CN1CCN(CCOCCO)CC1)CN1c2ccccc2Sc2ccccc21,4.06
BMS-214662,N#Cc1ccc2c(c1)CN(S(=O)(=O)c1cccs1)C(Cc1ccccc1)CN2Cc1cnc[nH]1,0.84
Fenspiride,O=C1NCC2(CC[NH+](CCc3ccccc3)CC2)O1,3.0
Ginkgolide A,CC1C(=O)OC2CC34C5CC(C(C)(C)C)C36C(OC(=O)C6O)OC4(C(=O)O5)C21O,0.62
Ginkgolide B,CC1C(=O)OC2C(O)C34C5CC(C(C)(C)C)C36C(OC(=O)C6O)OC4(C(=O)O5)C12O,0.91
Azelastine,C[NH+]1CCCC(n2nc(Cc3ccc(Cl)cc3)c3ccccc3c2=O)CC1,15.0
Cerivastatin,COCc1c(C(C)C)nc(C(C)C)c(/C=C/C(O)CC(O)CC(=O)[O-])c1-c1ccc(F)cc1,0.33
Pentostatin,OCC1OC(n2cnc3c2NC=NCC3O)CC1O,0.59
Cefuroxime,CO/N=C(\C(=O)NC1C(=O)N2C(C(=O)[O-])=C(COC(N)=O)CSC12)c1ccco1,0.15
Frovatriptan,C[NH2+]C1CCc2[nH]c3ccc(C(N)=O)cc3c2C1,3.6
Fosinoprilat,O=C([O-])C1CC(C2CCCCC2)CN1C(=O)CP(=O)([O-])CCCCc1ccccc1,0.13
Pidotimod,O=C1CCC(C(=O)N2CSCC2C(=O)[O-])N1,0.31
Leuprolide,CCNC(=O)C1CCCN1C(=O)C(CCCNC(N)=[NH2+])NC(=O)C(CC(C)C)NC(=O)C(CC(C)C)NC(=O)C(Cc1ccc(O)cc1)NC(=O)C(CO)NC(=O)C(Cc1c[nH]c2ccccc12)NC(=O)C(Cc1c[nH]cn1)NC(=O)C1CCC(=O)N1,0.38
Piritramide,N#CC(CCN1CCC(C(N)=O)([NH+]2CCCCC2)CC1)(c1ccccc1)c1ccccc1,4.7
Ergotamine,CN1CC(C(=O)NC2(C)OC3(O)C4CCCN4C(=O)C(Cc4ccccc4)N3C2=O)C=C2c3cccc4[nH]cc(c34)CC21,3.6
Bleomycin,Cc1c(N)nc([C@H](CC(N)=O)NC[C@H]([NH3+])C(N)=O)nc1C(=O)N[C@H](C(=O)N[C@H](C)[C@@H](O)[C@H](C)C(=O)N[C@H](C(=O)NCCc1nc(-c2nc(C(=O)NCCC[S+](C)C)cs2)cs1)[C@@H](C)O)[C@@H](O[C@@H]1O[C@@H](CO)[C@@H](O)[C@H](O)[C@@H]1O[C@H]1O[C@H](CO)[C@@H](O)[C@H](OC(N)=O)[C@@H]1O)c1cnc[nH]1,9.43
Raltitrexed,Cc1nc(=O)c2cc(CN(C)c3ccc(C(=O)NC(CCC(=O)[O-])C(=O)[O-])s3)ccc2[nH]1,6.57
Flavopiridol,C[NH+]1CCC(c2c([O-])cc(O)c3c(=O)cc(-c4ccccc4Cl)oc23)C(O)C1,1.5
Temozolomide,Cn1nnc2c(C(N)=O)ncn2c1=O,0.5
MDAM,C=C(CC(NC(=O)c1ccc(CCc2cnc3nc(N)nc(N)c3n2)cc1)C(=O)[O-])C(=O)[O-],0.7
Pralatrexate (R),C#CCC(Cc1cnc2nc(N)nc(N)c2n1)c1ccc(C(=O)NC(CCC(=O)[O-])C(=O)[O-])cc1,0.53
Pralatrexate (S),C#CCC(Cc1cnc2nc(N)nc(N)c2n1)c1ccc(C(=O)NC(CCC(=O)[O-])C(=O)[O-])cc1,1.5
"Hydroxyimipramine, 2-",C[NH+](C)CCCN1c2ccccc2CCc2cc(O)ccc21,6.6
Licarbazepine,NC(=O)N1c2ccccc2CC(O)c2ccccc21,0.72
Trimipramine,CC(CN1c2ccccc2CCc2ccccc21)C[NH+](C)C,16.0
Clomipramine,C[NH+](C)CCCN1c2ccccc2CCc2ccc(Cl)cc21,13.0
Imipramine,C[NH+](C)CCCN1c2ccccc2CCc2ccccc21,12.0
Imipramine N-oxide,C[N+](C)([O-])CCCN1c2ccccc2CCc2ccccc21,1.9
Desipramine,C[NH2+]CCCN1c2ccccc2CCc2ccccc21,15.0
Gemifloxacin,CO/N=C1/CN(c2nc3c(cc2F)c(=O)c(C(=O)[O-])cn3C2CC2)CC1C[NH3+],3.52
Papaverine,COc1ccc(Cc2nccc3cc(OC)c(OC)cc23)cc1OC,1.0
Dexmedetomidine,Cc1cccc(C(C)c2cnc[nH]2)c1C,1.6
Apalcillin,CC1(C)SC2C(NC(=O)C(NC(=O)c3cnc4cccnc4c3[O-])c3ccccc3)C(=O)N2C1C(=O)[O-],0.16
Gavestinel,O=C(/C=C/c1c(C(=O)[O-])[nH]c2cc(Cl)cc(Cl)c12)Nc1ccccc1,0.12
(-)dOTC,Nc1ccn(C2COC(CO)S2)c(=O)n1,1.18
(+)dOTC,Nc1ccn(C2COC(CO)S2)c(=O)n1,0.84
Sulfinpyrazone,O=c1[c-](CC[S@](=O)c2ccccc2)c(=O)n(-c2ccccc2)n1-c1ccccc1,0.12
Artesunate,CC1CCC2C(C)C(OC(=O)CCC(=O)O)OC3OC4(C)CCC1C32OO4,15.0
Quinaprilat,CC([NH2+]C(CCc1ccccc1)C(=O)[O-])C(=O)N1Cc2ccccc2CC1C(=O)[O-],0.13
Tirofiban,CCCCS(=O)(=O)NC(Cc1ccc(OCCCCC2CC[NH2+]CC2)cc1)C(=O)[O-],0.99
Eribulin,C=C1CC2CCC34CC5OC6C(OC7CCC(CC(=O)CC8C(CC9OC(CCC1O2)CC(C)C9=C)OC(CC(O)C[NH3+])C8OC)OC7C6O3)C5O4,1.46
Sulfasalazine,O=C([O-])c1cc(N=Nc2ccc(S(=O)(=O)Nc3ccccn3)cc2)ccc1O,0.11
Vilanterol,OCc1cc(C(O)C[NH2+]CCCCCCOCCOCc2c(Cl)cccc2Cl)ccc1O,2.38
Naloxone,C=CCN1CCC23c4c5ccc(O)c4OC2C(=O)CCC3(O)C1C5,1.7
Tolcapone,Cc1ccc(C(=O)c2cc(O)c([O-])c([N+](=O)[O-])c2)cc1,0.12
Ketoprofen,CC(C(=O)[O-])c1cccc(C(=O)c2ccccc2)c1,0.13
Bromfenac,Nc1c(CC(=O)[O-])cccc1C(=O)c1ccc(Br)cc1,0.11
Remimazolam,COC(=O)CCC1[NH+]=C(c2ccccn2)c2cc(Br)ccc2-n2c(C)cnc21,0.44
Cefazolin,Cc1nnc(SCC2=C(C(=O)[O-])N3C(=O)C(NC(=O)Cn4cnnn4)C3SC2)s1,0.12
Apixaban,COc1ccc(-n2nc(C(N)=O)c3c2C(=O)N(c2ccc(N4CCCCC4=O)cc2)CC3)cc1,0.3
SR 271425,CC[NH+](CC)CCNc1ccc(CNC=O)c2sc3ccc(OC)cc3c(=O)c12,1.01
Terazosin,COc1cc2nc(N3CCN(C(=O)C4CCCO4)CC3)nc(N)c2cc1OC,0.98
Pemetrexed,Nc1nc(=O)c2c(CCc3ccc(C(=O)NC(CCC(=O)[O-])C(=O)[O-])cc3)c[nH]c2[nH]1,0.15
Buprenorphine,COC12CCC3(CC1C(C)(O)C(C)(C)C)C1Cc4ccc(O)c5c4C3(CC[NH+]1CC1CC1)C2O5,4.9
Alosetron,Cc1[nH]cnc1CN1CCc2c(c3ccccc3n2C)C1=O,1.1
Buflomedil,COc1cc(OC)c(C(=O)CCC[NH+]2CCCC2)c(OC)c1,1.3
Vinblastine,CCC1(O)CC2CN(CCc3c([nH]c4ccccc34)C(C(=O)OC)(c3cc4c(cc3OC)N(C)C3C(O)(C(=O)OC)C(OC(C)=O)C5(CC)C=CCN6CCC43C65)C2)C1,28.0
Vincristine,CCC1(O)CC2CN(CCc3c([nH]c4ccccc34)C(C(=O)OC)(c3cc4c(cc3OC)N(C=O)C3C(O)(C(=O)OC)C(OC(C)=O)C5(CC)C=CCN6CCC43C65)C2)C1,2.4
Triazolam,Cc1nnc2n1-c1ccc(Cl)cc1C(c1ccccc1Cl)=NC2,0.58
Alprazolam,Cc1nnc2n1-c1ccc(Cl)cc1C(c1ccccc1)=NC2,0.8
Adinazolam,CN(C)Cc1nnc2n1-c1ccc(Cl)cc1C(c1ccccc1)=NC2,0.98
Apomorphine,C[NH+]1CCc2cccc3c2C1Cc1ccc(O)c(O)c1-3,1.6
R-Apomorphine,C[NH+]1CCc2cccc3c2C1Cc1ccc(O)c(O)c1-3,1.6
Propoxyphene,CCC(=O)OC(Cc1ccccc1)(c1ccccc1)C(C)C[NH+](C)C,12.0
Dezocine,CC12CCCCCC(Cc3ccc(O)cc31)C2[NH3+],5.6
Avibactam,NC(=O)C1CCC2CN1C(=O)N2OS(=O)(=O)[O-],0.24
Enoxacin,CCn1cc(C(=O)[O-])c(=O)c2cc(F)c(N3CC[NH2+]CC3)nc21,2.0
Suprofen,CC(C(=O)[O-])c1ccc(C(=O)c2cccs2)cc1,0.04
Tiaprofenic acid,CC(C(=O)[O-])c1ccc(C(=O)c2ccccc2)s1,0.08
"Hydroxystaurosporine, 7-",C[NH2+]C1CC2OC(C)(C1OC)n1c3ccccc3c3c4c(c5c6ccccc6n2c5c31)C(=O)NC4O,0.15
Perphenazine,OCC[NH+]1CCN(CCCN2c3ccccc3Sc3ccc(Cl)cc32)CC1,18.0
Fluphenazine,OCC[NH+]1CCN(CCCN2c3ccccc3Sc3ccc(C(F)(F)F)cc32)CC1,2.9
Prochlorperazine,C[NH+]1CCN(CCCN2c3ccccc3Sc3ccc(Cl)cc32)CC1,22.0
Etoposide,COc1cc(C2c3cc4c(cc3C(OC3OC5COC(C)OC5C(O)C3O)C3COC(=O)C23)OCO4)cc(OC)c1O,0.18
NK 611,COc1cc(C2c3cc4c(cc3C(OC3OC5COC(C)OC5C(O)C3N(C)C)C3COC(=O)C23)OCO4)cc(OC)c1O,0.3
Aplidine,CCC(C)C1NC(=O)C(NC(=O)C(CC(C)C)N(C)C(=O)C2CCCN2C(=O)C(C)=O)C(C)OC(=O)C(Cc2ccc(OC)cc2)N(C)C(=O)C2CCCN2C(=O)C(CC(C)C)NC(=O)C(C)C(=O)C(C(C)C)OC(=O)CC1O,13.3
Cefotetan,COC1(NC(=O)C2SC(=C(C(N)=O)C(=O)[O-])S2)C(=O)N2C(C(=O)[O-])=C(CSc3nnnn3C)CSC21,0.13
Laniquidar,COC(=O)c1cnc2n1CCc1ccccc1C2=C1CC[NH+](CCc2ccc(OCc3ccc4ccccc4n3)cc2)CC1,6.03
Levomepromazine,COc1ccc2c(c1)N(CC(C)C[NH+](C)C)c1ccccc1S2,12.0
Promazine,C[NH+](C)CCCN1c2ccccc2Sc2ccccc21,8.1
Promethazine,CC(CN1c2ccccc2Sc2ccccc21)[NH+](C)C,14.0
Chlorpromazine,C[NH+](C)CCCN1c2ccccc2Sc2ccc(Cl)cc21,10.0
Stavudine,Cc1cn(C2C=CC(CO)O2)c(=O)[nH]c1=O,0.67
Doxofylline,Cn1c(=O)c2c(ncn2CC2OCCO2)n(C)c1=O,1.03
Cetrorelix,CC(=O)NC(Cc1ccc2ccccc2c1)C(=O)NC(Cc1ccc(Cl)cc1)C(=O)NC(Cc1cccnc1)C(=O)NC(CO)C(=O)NC(Cc1ccc(O)cc1)C(=O)NC(CCCNC(N)=O)C(=O)NC(CC(C)C)C(=O)NC(CCCNC(N)=[NH2+])C(=O)N1CCCC1C(=O)NC(C)C(N)=O,0.39
Coumarin,O=c1ccc2ccccc2o1,1.1
Sitagliptin,[NH3+]C(CC(=O)N1CCn2c(nnc2C(F)(F)F)C1)Cc1cc(F)c(F)cc1F,2.8
Ritanserin,Cc1nc2sccn2c(=O)c1CC[NH+]1CCC(=C(c2ccc(F)cc2)c2ccc(F)cc2)CC1,1.41
"Fluorouracil, 5-",O=c1[nH]cc(F)c(=O)[nH]1,0.23
Teniposide,COc1cc(C2c3cc4c(cc3C(OC3OC5COC(c6cccs6)OC5C(O)C3O)C3COC(=O)C23)OCO4)cc(OC)c1O,0.41
Semaxanib,Cc1cc(C)c(/C=C2\C(=O)Nc3ccccc32)[nH]1,0.98
E7107,CCC(O)C(C)C1OC1CC(C)(O)/C=C\C=C(/C)C1OC(=O)CC(O)CCC(C)(O)C(OC(=O)N2CC[NH+](C3CCCCCC3)CC2)/C=C/C1C,10.1
Vecuronium Bromide,CC(=O)OC1CC2CCC3C(CCC4(C)C3CC([N+]3(C)CCCCC3)C4OC(C)=O)C2(C)CC1[NH+]1CCCCC1,0.3
Pancuronium,CC(=O)OC1CC2CCC3C(CCC4(C)C3CC([N+]3(C)CCCCC3)C4OC(C)=O)C2(C)CC1[N+]1(C)CCCCC1,0.2
Enalkiren,COc1ccc(CC(NC(=O)CC(C)(C)[NH3+])C(=O)NC(Cc2c[nH+]c[nH]2)C(=O)NC(CC2CCCCC2)C(O)C(O)CC(C)C)cc1,7.5
Cephradine,CC1=C(C(=O)[O-])N2C(=O)C(NC(=O)C([NH3+])C3=CCC=CC3)C2SC1,0.21
Rigosertib,COc1cc(OC)c(/C=C/S(=O)(=O)Cc2ccc(OC)c(NCC(=O)[O-])c2)c(OC)c1,0.11
Mifepristone,CC#CC1(O)CCC2C3CCC4=CC(=O)CCC4=C3C(c3ccc(N(C)C)cc3)CC21C,0.01
Ceftriaxone,CO/N=C(/C(=O)NC1C(=O)N2C(C(=O)[O-])=C(CSc3nc(=O)c(=O)[n-]n3C)CSC12)c1csc(N)n1,0.12
Viloxazine,CCOc1ccccc1OCC1C[NH2+]CCO1,0.73
Amsalog,CNC(=O)c1cccc2c(Nc3ccc(NS(C)(=O)=O)cc3OC)c3cccc(C)c3[nH+]c12,0.3
Amsacrine,COc1cc(NS(C)(=O)=O)ccc1Nc1c2ccccc2[nH+]c2ccccc12,1.6
NBI-4,CC(c1cccnc1F)c1c(CC[NH+](C)[14CH3])sc2ccccc12,5.73
Methicillin,COc1cccc(OC)c1C(=O)NC1C(=O)N2C1SC(C)(C)C2C(=O)[O-],0.32
BI2536,CCC1C(=O)N(C)c2cnc(Nc3ccc(C(=O)NC4CC[NH+](C)CC4)cc3OC)nc2N1C1CCCC1,31.2
Temocillin,CO[C@@]1(NC(=O)[C@H](C(=O)O)c2ccsc2)C(=O)N2[C@@H](C(=O)O)C(C)(C)S[C@@H]21,0.11
Ticarcillin,CC1(C)SC2C(NC(=O)C(C(=O)[O-])c3ccsc3)C(=O)N2C1C(=O)[O-],0.16
Nicainoprol,CC(C)[NH2+]CC(O)COc1cccc2c1N(C(=O)c1cccnc1)CCC2,0.67
Toxogonin,O/N=C/c1cc[n+](COC[n+]2ccc(/C=N/O)cc2)cc1,0.17
MEN-10755,CC1OC(OC2C(O)CC(OC3CC(O)(C(=O)CO)Cc4c(O)c5c(c(O)c43)C(=O)c3ccccc3C5=O)OC2C)CC([NH3+])C1O,2.4
Pirarubicin,COc1cccc2c1C(=O)c1c(O)c3c(c(O)c1C2=O)CC(O)(C(=O)CO)CC3OC1CC([NH3+])C(OC2CCCCO2)C(C)O1,43.2
Gestodene,C#CC1(O)C=CC2C3CCC4=CC(=O)CCC4C3CCC21CC,0.46
Cilazaprilat,O=C([O-])C(CCc1ccccc1)[NH2+]C1CCCN2CCCC(C(=O)[O-])N2C1=O,3.7
Cannabinol,CCCCCc1cc(O)c2c(c1)OC(C)(C)c1ccc(C)cc1-2,16.98
Diflunisal,O=C([O-])c1cc(-c2ccc(F)cc2F)ccc1O,0.1
Genaconazole,CC(C(O)(Cn1cncn1)c1ccc(F)cc1F)S(C)(=O)=O,0.62
Ezogabine,CCOC(=O)Nc1ccc(NCc2ccc(F)cc2)cc1N,2.5
Picumast,Cc1c(C)c2ccc(OCCC[NH+]3CCN(Cc4ccc(Cl)cc4)CC3)cc2oc1=O,1.3
Dalbavancin,CN[C@H]1C(=O)N[C@@H]2Cc3ccc(cc3)Oc3cc4cc(c3O[C@@H]3O[C@H](C(=O)[O-])[C@@H](O)[C@H](O)[C@H]3NC(=O)CCCCCCCCC(C)C)Oc3ccc(cc3Cl)[C@@H](O)[C@@H]3NC(=O)[C@H](NC(=O)[C@@H]4NC(=O)[C@@H](NC2=O)c2cc(cc(O)c2Cl)Oc2cc1ccc2O)c1ccc(O)c(c1)-c1c(O[C@H]2O[C@H](CO)[C@@H](O)[C@H](O)[C@@H]2O)cc(O)cc1[C@@H](C(=O)NCCC[NH+](C)C)NC3=O,0.14
Methimazole,Cn1cc[nH]c1=S,0.86
Saquinavir,CC(C)(C)NC(=O)C1CC2CCCCC2CN1CC(O)C(Cc1ccccc1)NC(=O)C(CC(N)=O)NC(=O)c1ccc2ccccc2n1,3.6
Flomoxef,CO[C@@]1(NC(=O)CSC(F)F)C(=O)N2C(C(=O)[O-])=C(CSc3nnnn3CCO)CO[C@@H]21,0.19
Alpiropride,C=CC[NH+]1CCCC1CNC(=O)c1cc(S(=O)(=O)NC)c(N)cc1OC,2.3
Raclopride,CC[NH+]1CCCC1CNC(=O)c1c([O-])c(Cl)cc(Cl)c1OC,1.1
Remoxipride,CC[NH+]1CCCC1CNC(=O)c1c(OC)ccc(Br)c1OC,0.65
Sulpiride,CC[NH+]1CCCC1CNC(=O)c1cc(S(N)(=O)=O)ccc1OC,0.94
Cefazedone,Cc1nnc(SCC2=C(C(=O)[O-])N3C(=O)C(NC(=O)Cn4cc(Cl)c(=O)c(Cl)c4)C3SC2)s1,0.13
Homoharringtonine,COC(=O)CC(O)(CCCC(C)(C)O)C(=O)OC1C(OC)=CC23CCC[NH+]2CCc2cc4c(cc2C13)OCO4,1.8
Tedizolid,Cn1nnc(-c2ccc(-c3ccc(N4C[C@H](CO)OC4=O)cc3F)cn2)n1,0.91
Mianserin,C[NH+]1CCN2c3ccccc3Cc3ccccc3C2C1,13.75
XR5000,C[NH+](C)CCNC(=O)c1cccc2cc3ccccc3nc12,3.41
Isoglycirrhizinate (acid),CC1(C)[C@@H](O[C@@H]2O[C@@H](C(=O)[O-])[C@H](O)[C@@H](O)[C@@H]2O[C@H]2O[C@@H](C(=O)[O-])[C@H](O)[C@@H](O)[C@@H]2O)CC[C@@]2(C)[C@H]1CC[C@]1(C)[C@@H]2C(=O)C=C2[C@@H]3C[C@@](C)(C(=O)[O-])CC[C@]3(C)CC[C@]21C,0.05
Glycyrrhizin,CC1(C)[C@@H](O[C@@H]2O[C@@H](C(=O)[O-])[C@H](O)[C@@H](O)[C@@H]2O[C@H]2O[C@@H](C(=O)[O-])[C@H](O)[C@@H](O)[C@@H]2O)CC[C@@]2(C)[C@H]1CC[C@]1(C)[C@@H]2C(=O)C=C2[C@@H]3C[C@@](C)(C(=O)[O-])CC[C@]3(C)CC[C@]21C,0.06
Zoniporide,N=C(N)NC(=O)c1cnn(-c2cccc3ncccc23)c1C1CC1,1.7
Eptifibatide,NC(=[NH2+])NCCCCC1NC(=O)CCSSCC(C(N)=O)NC(=O)C2CCCN2C(=O)C(Cc2c[nH]c3ccccc23)NC(=O)C(CC(=O)[O-])NC(=O)CNC1=O,0.17
Clavulanic Acid,O=C([O-])C1/C(=C/CO)OC2CC(=O)N21,0.22
Dihydroergotamine,C[NH+]1C[C@H](C(=O)N[C@]2(C)O[C@@]3(O)[C@@H]4CCCN4C(=O)[C@H](Cc4ccccc4)N3C2=O)C[C@@H]2c3cccc4[nH]cc(c34)C[C@H]21,0.33
Acarbose,CC1OC(OC2C(CO)OC(OC(C(O)CO)C(O)C(O)C=O)C(O)C2O)C(O)C(O)C1NC1C=C(CO)C(O)C(O)C1O,0.32
Amdinocillin,CC1(C)SC2C([NH+]=CN3CCCCCC3)C(=O)N2C1C(=O)[O-],0.37
Mitoxantrone,O=C1c2c(O)ccc(O)c2C(=O)c2c(NCC[NH2+]CCO)ccc(NCC[NH2+]CCO)c21,12.0
Morphine-6-Glucuronide,C[NH+]1CCC23c4c5ccc(O)c4OC2C(OC2OC(C(=O)[O-])C(O)C(O)C2O)C=CC3C1C5,0.12
Isavuconazole,CC(c1nc(-c2ccc(C#N)cc2)cs1)C(O)(Cn1cncn1)c1cc(F)ccc1F,5.37
Benzydamine,C[NH+](C)CCCOc1nn(Cc2ccccc2)c2ccccc12,1.53
RO0270608,Cc1cccc(Cl)c1C(=O)NC(Cc1ccc(NC(=O)c2c(Cl)cncc2Cl)cc1)C(=O)[O-],0.3
Alfentanil,CCC(=O)N(c1ccccc1)C1(COC)CCN(CCn2nnn(CC)c2=O)CC1,0.45
Dipyridamole,OCCN(CCO)c1nc(N2CCCCC2)c2[nH+]c(N(CCO)CCO)nc(N3CCCCC3)c2n1,0.82
PNU-159548,CC(=O)C1(O)Cc2c(O)c3c(c(O)c2C(OC2CC(N4CC4)C(OS(C)(=O)=O)C(C)O2)C1)C(=O)c1ccccc1C3=O,2.95
Elinafide,O=C1c2cccc3cccc(c23)C(=O)N1CCNCCCNCCN1C(=O)c2cccc3cccc(c23)C1=O,12.0
Danusertib,COC(C(=O)N1Cc2[nH]nc(NC(=O)c3ccc(N4CC[NH+](C)CC4)cc3)c2C1)c1ccccc1,2.5
Kahalalide F,C/C=C1/NC(=O)[C@H](Cc2ccccc2)NC(=O)[C@@H](C(C)C)NC(=O)[C@@H]([C@@H](C)CC)NC(=O)[C@H](NC(=O)[C@H](NC(=O)[C@H](CCC[NH3+])NC(=O)[C@H]2CCCN2C(=O)[C@H](NC(=O)[C@@H](NC(=O)[C@@H](NC(=O)[C@H](NC(=O)CCCC(C)C)C(C)C)[C@@H](C)O)C(C)C)C(C)C)[C@@H](C)CC)[C@@H](C)OC(=O)[C@H](C(C)C)NC1=O,0.11
Aclidinium bromide,O=C(OC1C[N+]2(CCCOc3ccccc3)CCC1CC2)C(O)(c1cccs1)c1cccs1,4.3
Pancopride,Nc1cc(OCC2CC2)c(C(=O)NC2C[NH+]3CCC2CC3)cc1Cl,3.9
Pentamidine,NC(=[NH2+])c1ccc(OCCCCCOc2ccc(C(N)=[NH2+])cc2)cc1,53.0
Zotarolimus,COC1CC2CCC(C)C(O)(O2)C(=O)C(=O)N2CCCCC2C(=O)OC(C(C)CC2CCC(n3cnnn3)C(OC)C2)CC(=O)C(C)/C=C(\C)C(O)C(OC)C(=O)C(C)CC(C)/C=C/C=C/C=C/1C,1.3
KRN8602,CCC1(O)CC(OC2CC(N3CCOCC3)C(O)C(C)O2)c2c(O)c3c(c(O)c2C1O)C(=O)c1cccc(O)c1C3=O,20.9
Nemorubicin,COc1cccc2c1C(=O)c1c(O)c3c(c(O)c1C2=O)CC(O)(C(=O)CO)CC3OC1CC(N2CCOC(OC)C2)C(O)C(C)O1,49.0
Sildenafil,CCCc1nn(C)c2c(=O)[nH]c(-c3cc(S(=O)(=O)N4CC[NH+](C)CC4)ccc3OCC)nc12,1.36
Regadenoson,CNC(=O)c1cnn(-c2nc(N)c3ncn(C4OC(CO)C(O)C4O)c3n2)c1,0.94
Raloxifene,O=C(c1ccc(OCC[NH+]2CCCCC2)cc1)c1c(-c2ccc(O)cc2)sc2cc(O)ccc12,7.5
Traxoprodil,CC(C(O)c1ccc(O)cc1)[NH+]1CCC(O)(c2ccccc2)CC1,4.4
Oleandomycin,COC1CC(OC2C(C)C(=O)OC(C)C(C)C(O)C(C)C(=O)C3(CO3)CC(C)C(OC3OC(C)CC([NH+](C)C)C3O)C2C)OC(C)C1O,0.77
Degarelix,CC(=O)N[C@H](Cc1ccc2ccccc2c1)C(=O)N[C@H](Cc1ccc(Cl)cc1)C(=O)N[C@H](Cc1cccnc1)C(=O)N[C@@H](CO)C(=O)N[C@@H](Cc1ccc(NC(=O)[C@@H]2CC(=O)NC(=O)N2)cc1)C(=O)N[C@H](Cc1ccc(NC(N)=O)cc1)C(=O)N[C@@H](CC(C)C)C(=O)N[C@@H](CCCC[NH2+]C(C)C)C(=O)N1CCC[C@H]1C(=O)N[C@H](C)C(N)=O,0.74
Itraconazole,CCC(C)n1ncn(-c2ccc(N3CCN(c4ccc(OCC5COC(Cn6cncn6)(c6ccc(Cl)cc6Cl)O5)cc4)CC3)cc2)c1=O,7.4
Methylergometrine,CC[C@H](CO)NC(=O)[C@H]1C=C2c3cccc4[nH]cc(c34)C[C@@H]2N(C)C1,0.96
Lisuride,CCN(CC)C(=O)N[C@H]1C=C2c3cccc4[nH]cc(c34)C[C@H]2N(C)C1,1.73
Etonogestrel,C#CC1(O)CCC2C3CCC4=CC(=O)CCC4C3C(=C)CC21CC,2.87
Tirilazad,CC1CC2C3CCC4=CC(=O)C=CC4(C)C3=CCC2(C)C1C(=O)C[NH+]1CCN(c2cc(N3CCCC3)[nH+]c(N3CCCC3)n2)CC1,9.8
Piroximone,CCc1[nH]c(=O)[nH]c1C(=O)c1ccncc1,0.65
Tazobactam,CC1(Cn2ccnn2)C(C(=O)[O-])N2C(=O)CC2S1(=O)=O,0.26
Losmapimod,Cc1c(F)cc(C(=O)NC2CC2)cc1-c1ccc(C(=O)NCC(C)(C)C)cn1,1.67
Octreotide,CC(O)C(CO)NC(=O)C1CSSCC(NC(=O)C(N)Cc2ccccc2)C(=O)NC(Cc2ccccc2)C(=O)NC(Cc2c[nH]c3ccccc23)C(=O)NC(CCCC[NH3+])C(=O)NC(C(C)O)C(=O)N1,0.19
Dacinostat.,O=C(/C=C/c1ccc(C[NH+](CCO)CCc2c[nH]c3ccccc23)cc1)NO,2.17
CEP-18770,CC(C)CC(NC(=O)C(NC(=O)c1cccc(-c2ccccc2)n1)C(C)O)B(O)O,0.87
Cefpirome,CO/N=C(/C(=O)NC1C(=O)N2C(C(=O)[O-])=C(C[n+]3cccc4c3CCC4)CSC12)c1csc(N)n1,0.24
Imipenem,CC(O)C1C(=O)N2C(C(=O)[O-])=C(SCCNC=[NH2+])CC12,0.24
Dynorphin A (1-13),CC[C@H](C)[C@H](NC(=O)[C@H](CCCNC(N)=[NH2+])NC(=O)[C@H](CCCNC(N)=[NH2+])NC(=O)[C@H](CC(C)C)NC(=O)[C@H](Cc1ccccc1)NC(=O)CNC(=O)CNC(=O)[C@@H]([NH3+])Cc1ccc(O)cc1)C(=O)N[C@@H](CCCNC(N)=[NH2+])C(=O)N1CCC[C@H]1C(=O)N[C@@H](CCCC[NH3+])C(=O)N[C@@H](CC(C)C)C(=O)N[C@@H](CCCC[NH3+])C(=O)[O-],0.12
Bisaramil,CC[NH+]1CC2C[NH+](C)CC(C1)C2OC(=O)c1ccc(Cl)cc1,9.0
Nomifensine,C[NH+]1Cc2c(N)cccc2C(c2ccccc2)C1,6.0
Posaconazole,CCC(C(C)O)n1ncn(-c2ccc(N3CCN(c4ccc(OCC5COC(Cn6cncn6)(c6ccc(F)cc6F)C5)cc4)CC3)cc2)c1=O,3.8
Ibrutinib,C=CC(=O)N1CCCC(n2nc(-c3ccc(Oc4ccccc4)cc3)c3c(N)ncnc32)C1,9.75
Rivaroxaban,O=C(NCC1CN(c2ccc(N3CCOCC3=O)cc2)C(=O)O1)c1ccc(Cl)s1,0.7
Biricodar,COc1cc(C(=O)C(=O)N2CCCCC2C(=O)OC(CCCc2cccnc2)CCCc2cccnc2)cc(OC)c1OC,1.34
Ondansetron,Cc1[nH+]ccn1CC1CCc2c(c3ccccc3n2C)C1=O,1.8
Alizapride,C=CC[NH+]1CCCC1CNC(=O)c1cc2n[nH]nc2cc1OC,1.6
Ropinirole,CCC[NH+](CCC)CCc1cccc2c1CC(=O)N2,7.7
Pravastatin,CCC(C)C(=O)OC1CC(O)C=C2C=CC(C)C(CCC(O)CC(O)CC(=O)[O-])C21,0.46
Lovastatin (acid),CCC(C)C(=O)OC1CC(C)C=C2C=CC(C)C(CCC(O)CC(O)CC(=O)[O-])C21,0.87
Tacrolimus,C=CCC1/C=C(\C)CC(C)CC(OC)C2OC(O)(C(=O)C(=O)N3CCCCC3C(=O)OC(/C(C)=C/C3CCC(O)C(OC)C3)C(C)C(O)CC1=O)C(C)CC2OC,1.2
Cefuzonam,CO/N=C(\C(=O)N[C@H]1C(=O)N2C(C(=O)O)=C(CSc3cnns3)CS[C@H]12)c1csc(N)n1,0.2
Fenoprofen,CC(C(=O)[O-])c1cccc(Oc2ccccc2)c1,0.1
Bumetanide,CCCCNc1cc(C(=O)[O-])cc(S(N)(=O)=O)c1Oc1ccccc1,0.16
Cefamandole,Cn1nnnc1SCC1=C(C(=O)[O-])N2C(=O)C(NC(=O)C(O)c3ccccc3)C2SC1,0.16
Cefonicid,O=C([O-])C1=C(CSc2nnnn2CS(=O)(=O)[O-])CSC2C(NC(=O)C(O)c3ccccc3)C(=O)N12,0.14
Ceforanide,[NH3+]Cc1ccccc1CC(=O)NC1C(=O)N2C(C(=O)[O-])=C(CSc3nnnn3CC(=O)[O-])CSC12,0.17
Meperidine,CCOC(=O)C1(c2ccccc2)CC[NH+](C)CC1,2.3
Ketobemidone,CCC(=O)C1(c2cccc(O)c2)CC[NH+](C)CC1,0.48
Hydroxychloroquine,CC[NH+](CCO)CCCC(C)Nc1cc[nH+]c2cc(Cl)ccc12,700.0
Chloroquine,CC[NH+](CC)CCCC(C)Nc1cc[nH+]c2cc(Cl)ccc12,140.0
Cinaciguat,O=C([O-])CCCC[NH+](CCc1ccccc1OCc1ccc(CCc2ccccc2)cc1)Cc1ccc(C(=O)[O-])cc1,0.24
Piretanide,NS(=O)(=O)c1cc(C(=O)[O-])cc(N2CCCC2)c1Oc1ccccc1,0.17
Rabeprazole,COCCCOc1ccnc(CS(=O)c2nc3ccccc3[nH]2)c1C,0.22
Pantoprazole,COc1ccnc(CS(=O)c2nc3ccc(OC(F)F)cc3[nH]2)c1OC,0.17
Lansoprazole,Cc1c(OCC(F)(F)F)ccnc1CS(=O)c1nc2ccccc2[nH]1,0.28
Omeprazole,COc1ccc2nc(S(=O)Cc3ncc(C)c(OC)c3C)[nH]c2c1,0.24
Esomeprazole,COc1ccc2nc(S(=O)Cc3ncc(C)c(OC)c3C)[nH]c2c1,0.2
Dapsone,Nc1ccc(S(=O)(=O)c2ccc(N)cc2)cc1,0.83
IVL745,COc1cc(CC(=O)NCC(=O)N(CCC(=O)[O-])Cc2ccc(OC)c(OC)c2)ccc1NC(=O)Nc1ccccc1C,0.25
Brotizolam,Cc1nnc2n1-c1sc(Br)cc1C(c1ccccc1Cl)=NC2,0.75
F992,CCC1(C)NC(=O)C(Cc2cccs2)NC(=O)C(Cc2ccccc2)NC(=O)CCCSCC(C(=O)N2CC(O)CC2C(=O)NC(CCCNC(N)=[NH2+])C(=O)NCC(N)=O)NC(=O)C(CC(N)=O)NC1=O,0.31
Vestipitant,Cc1cc(F)ccc1[C@H]1CNCCN1C(=O)N(C)[C@H](C)c1cc(C(F)(F)F)cc(C(F)(F)F)c1,3.8
Acyclovir,Nc1nc2c(ncn2COCCO)c(=O)[nH]1,0.71
Ganciclovir,Nc1nc2c(ncn2COC(CO)CO)c(=O)[nH]1,1.0
Bupivacaine,CCCC[NH+]1CCCCC1C(=O)Nc1c(C)cccc1C,0.84
Ropivacaine,CCC[NH+]1CCCCC1C(=O)Nc1c(C)cccc1C,0.75
Levobupivacaine,CCCC[NH+]1CCCCC1C(=O)Nc1c(C)cccc1C,0.49
Mepivacaine,Cc1cccc(C)c1NC(=O)C1CCCC[NH+]1C,0.95
PNU-145156E,Cn1cc(NC(=O)Nc2cc(C(=O)Nc3cc(C(=O)Nc4ccc5cc(S(=O)(=O)[O-])cc(S(=O)(=O)[O-])c5c4)n(C)c3)n(C)c2)cc1C(=O)Nc1cc(C(=O)Nc2ccc3cc(S(=O)(=O)[O-])cc(S(=O)(=O)[O-])c3c2)n(C)c1,0.27
Cilengitide,CC(C)C1C(=O)NC(CCCNC(N)=[NH2+])C(=O)NCC(=O)NC(CC(=O)[O-])C(=O)NC(Cc2ccccc2)C(=O)N1C,0.26
Tizanidine,Clc1ccc2nsnc2c1NC1=[NH+]CCN1,2.4
Solifenacin,O=C(OC1C[NH+]2CCC1CC2)N1CCc2ccccc2C1c1ccccc1,8.2
GHRP-6,CC(NC(=O)C(Cc1c[nH]c2ccccc12)NC(=O)C(N)Cc1c[nH]cn1)C(=O)NC(Cc1c[nH]c2ccccc12)C(=O)NC(Cc1ccccc1)C(=O)NC(CCCC[NH3+])C(N)=O,0.42
Warfarin,CC(=O)CC(c1ccccc1)c1c([O-])c2ccccc2oc1=O,0.13
Phenprocoumon,CCC(c1ccccc1)c1c([O-])c2ccccc2oc1=O,0.2
Acenocoumarol,CC(=O)CC(c1ccc([N+](=O)[O-])cc1)c1c([O-])c2ccccc2oc1=O,0.24
Topiramate,CC1(C)OC2COC3(COS(N)(=O)=O)OC(C)(C)OC3C2O1,0.8
Cephapirin,CC(=O)OCC1=C(C(=O)[O-])N2C(=O)C(NC(=O)CSc3ccncc3)C2SC1,0.13
Bizelesin,Cc1c[nH]c2c(O)cc3c(c12)C(CCl)CN3C(=O)c1cc2cc(NC(=O)Nc3ccc4[nH]c(C(=O)N5CC(CCl)c6c5cc(O)c5[nH]cc(C)c65)cc4c3)ccc2[nH]1,0.05
Benperidol,O=C(CCC[NH+]1CCC(n2c(=O)[nH]c3ccccc32)CC1)c1ccc(F)cc1,3.8
Lisinopril,[NH3+]CCCCC(NC(CCc1ccccc1)C(=O)[O-])C(=O)N1CCCC1C(=O)[O-],0.89
Tofogliflozin,CCc1ccc(Cc2ccc3c(c2)C2(OC3)OC(CO)C(O)C(O)C2O)cc1,0.63
Clinafloxacin,[NH3+]C1CCN(c2c(F)cc3c(=O)c(C(=O)[O-])cn(C4CC4)c3c2Cl)C1,1.9
Desmethyldiazepam,O=C1CN=C(c2ccccc2)c2cc(Cl)ccc2N1,0.45
Oxazepam,O=C1Nc2ccc(Cl)cc2C(c2ccccc2)=NC1O,0.59
Flunitrazepam,CN1C(=O)CN=C(c2ccccc2F)c2cc([N+](=O)[O-])ccc21,1.9
Phenazepam,O=C1CN=C(c2ccccc2Cl)c2cc(Br)ccc2N1,6.23
Nitrazepam,O=C1CN=C(c2ccccc2)c2cc([N+](=O)[O-])ccc2N1,1.7
Diazepam,CN1C(=O)CN=C(c2ccccc2)c2cc(Cl)ccc21,1.0
Lorazepam,O=C1Nc2ccc(Cl)cc2C(c2ccccc2Cl)=NC1O,1.3
Chlorazepate,O=C([O-])C1N=C(c2ccccc2)c2cc(Cl)ccc2NC1=O,0.2
Lormetazepam,CN1C(=O)C(O)N=C(c2ccccc2Cl)c2cc(Cl)ccc21,1.6
Clonazepam,O=C1CN=C(c2ccccc2Cl)c2cc([N+](=O)[O-])ccc2N1,2.9
Delorazepam (Chlordesmethyldiazepam),O=C1CN=C(c2ccccc2Cl)c2cc(Cl)ccc2N1,2.2
Squalamine,CC(C)C(CCC(C)C1CCC2C3C(O)CC4CC(NCCC[NH2+]CCCC[NH3+])CCC4(C)C3CCC12C)OS(=O)(=O)[O-],0.23
Eltanolone,CC(=O)C1CCC2C3CCC4CC(O)CCC4(C)C3CCC12C,2.0
Sulfisoxazole,Cc1noc([N-]S(=O)(=O)c2ccc(N)cc2)c1C,0.17
Iodixanol,CC(=O)N(CC(O)CN(C(C)=O)c1c(I)c(C(=O)NCC(O)CO)c(I)c(C(=O)NCC(O)CO)c1I)c1c(I)c(C(=O)NCC(O)CO)c(I)c(C(=O)NCC(O)CO)c1I,0.2
Pirenzepine,C[NH+]1CCN(CC(=O)N2c3ccccc3C(=O)Nc3cccnc32)CC1,1.71
Toborinone,COc1ccc(C[NH2+]CC(O)COc2ccc3[nH]c(=O)ccc3c2)cc1OC,1.6
Almorexant,CNC(=O)C(c1ccccc1)N1CCc2cc(OC)c(OC)cc2C1CCc1ccc(C(F)(F)F)cc1,9.75
Eltoprazine,c1cc2c(c(N3CC[NH2+]CC3)c1)OCCO2,3.6
Sardomozide,NC(=[NH2+])N/N=C1\CCc2c(C(N)=[NH2+])cccc21,20.0
Pinocembrin,O=C1CC(c2ccccc2)Oc2cc(O)cc(O)c21,0.8
Tariquidar,COc1cc2c(cc1OC)C[NH+](CCc1ccc(NC(=O)c3cc(OC)c(OC)cc3NC(=O)c3cnc4ccccc4c3)cc1)CC2,6.4
Valspodar,C/C=C/CC(C)C(=O)C1C(=O)NC(C(C)C)C(=O)N(C)CC(=O)N(C)C(CC(C)C)C(=O)NC(C(C)C)C(=O)N(C)C(CC(C)C)C(=O)NC(C)C(=O)NC(C)C(=O)N(C)C(CC(C)C)C(=O)N(C)C(CC(C)C)C(=O)N(C)C(C(C)C)C(=O)N1C,1.8
Cyclosporine,C/C=C/CC(C)C(O)C1C(=O)NC(CC)C(=O)N(C)CC(=O)N(C)C(CC(C)C)C(=O)NC(C(C)C)C(=O)N(C)C(CC(C)C)C(=O)NC(C)C(=O)NC(C)C(=O)N(C)C(CC(C)C)C(=O)N(C)C(CC(C)C)C(=O)N(C)C(C(C)C)C(=O)N1C,3.3
Deramciclane,C[NH+](C)CCOC1(c2ccccc2)CC2CCC1(C)C2(C)C,7.7
Edoxaban,CN1CCc2nc(C(=O)N[C@@H]3C[C@@H](C(=O)N(C)C)CC[C@@H]3NC(=O)C(=O)Nc3ccc(Cl)cn3)sc2C1,1.53
Deferasirox,O=C([O-])c1ccc(-n2nc(-c3ccccc3O)nc2-c2ccccc2O)cc1,0.2
Micafungin,CCCCCOc1ccc(-c2cc(-c3ccc(C(=O)NC4CC(O)C(O)NC(=O)C5C(O)C(C)CN5C(=O)C(C(O)CC(N)=O)NC(=O)C(C(O)C(O)c5ccc(O)c(OS(=O)(=O)[O-])c5)NC(=O)C5CC(O)CN5C(=O)C(C(C)O)NC4=O)cc3)no2)cc1,0.21
Prednisone,CC12C=CC(=O)C=C1CCC1C2C(=O)CC2(C)C1CCC2(O)C(=O)CO,0.57
DP-b99,CCCCCCCCOCCOC(=O)CN(CC(=O)[O-])c1ccccc1OCCOc1ccccc1[NH+](CC(=O)[O-])CC(=O)OCCOCCCCCCCC,1.1
Mibefradil,COCC(=O)OC1(CC[NH+](C)CCCc2nc3ccccc3[nH]2)CCc2cc(F)ccc2C1C(C)C,3.1
Cefozopran,CO/N=C(/C(=O)NC1C(=O)N2C(C(=O)[O-])=C(C[n+]3ccn4ncccc43)CSC12)c1nsc(N)n1,0.24
Hydroxysafflor yellow A,O=C1C(C2OC(CO)C(O)C(O)C2O)=C([O-])/C(=C([O-])/C=C/c2ccc(O)cc2)C(=O)C1(O)C1OC(CO)C(O)C(O)C1O,0.2
Nalbuphine,Oc1ccc2c3c1OC1C(O)CCC4(O)C(C2)[NH+](CC2CCC2)CCC314,4.6
Primaquine,COc1cc(NC(C)CCC[NH3+])c2ncccc2c1,4.0
Adefovir,Nc1ncnc2c1ncn2CCOCP(=O)([O-])[O-],0.42
Tenofovir,CC(Cn1cnc2c(N)ncnc21)OCP(=O)([O-])[O-],0.83
Clindamycin,CCCC1CC(C(=O)NC(C(C)Cl)C2OC(SC)C(O)C(O)C2O)[NH+](C)C1,0.79
Lincomycin,CCCC1CC(C(=O)NC(C(C)O)C2OC(SC)C(O)C(O)C2O)[NH+](C)C1,1.0
Rolipram,COc1ccc(C2CNC(=O)C2)cc1OC1CCCC1,0.67
Atomoxetine,C[NH2+]CCC(Oc1ccccc1C)c1ccccc1,0.85
Quercetin,O=c1c([O-])c(-c2ccc(O)c(O)c2)oc2cc([O-])cc(O)c12,0.12
Avosentan,COc1ccccc1Oc1c([N-]S(=O)(=O)c2ccc(C)cn2)nc(-c2ccncc2)nc1OC,0.27
Tianeptine,CN1c2ccccc2C(NCCCCCCC(=O)[O-])c2ccc(Cl)cc2S1(=O)=O,0.3
Anhydrovinblastine,CCC1=CC2CN(CCc3c([nH]c4ccccc34)C(C(=O)OC)(c3cc4c(cc3OC)N(C)C3C(O)(C(=O)OC)C(OC(C)=O)C5(CC)C=CCN6CCC43C65)C2)C1,12.0
Vernakalant,COc1ccc(CCOC2CCCCC2[NH+]2CCC(O)C2)cc1OC,1.8
Irbesartan,CCCCC1=NC2(CCCC2)C(=O)N1Cc1ccc(-c2ccccc2-c2nnn[n-]2)cc1,0.94
Nintedanib,COC(=O)c1ccc2c(c1)NC(=O)/C2=C(\Nc1ccc(N(C)C(=O)CN2CC[NH+](C)CC2)cc1)c1ccccc1,15.0
Almitrine,C=CCNc1nc(NCC=C)nc(N2CCN(C(c3ccc(F)cc3)c3ccc(F)cc3)CC2)n1,35.37
Ceftolozane,Cn1c(N)c(NC(=O)NCC[NH3+])c[n+]1CC1=C(C(=O)[O-])N2C(=O)C(NC(=O)/C(=N/OC(C)(C)C(=O)[O-])c3nsc(N)n3)C2SC1,0.17
Rifabutin,COC1/C=C\OC2(C)Oc3c(C)c([O-])c4c(c3C2=O)C2=NC3(CC[NH+](CC(C)C)CC3)NC2=C(NC(=O)/C(C)=C\C=C/C(C)C(O)C(C)C(O)C(C)C(OC(C)=O)C1C)C4=O,9.3
Teicoplanin A2-1,CCCCC/C=C/CCC(=O)NC1C(Oc2c3cc4cc2Oc2ccc(cc2Cl)C(OC2OC(CO)C(O)C(O)C2NC(C)=O)C2NC(=O)C(NC(=O)C4NC(=O)C4NC(=O)C(Cc5ccc(c(Cl)c5)O3)NC(=O)C(N)c3ccc(O)c(c3)Oc3cc(O)cc4c3)c3ccc(O)c(c3)-c3c(OC4OC(CO)C(O)C(O)C4O)cc(O)cc3C(C(=O)[O-])NC2=O)OC(CO)C(O)C1O,0.92
Teicoplanin A2-2,CC(=O)N[C@H]1[C@H](O[C@@H]2c3ccc(c(Cl)c3)Oc3cc4cc(c3O[C@@H]3O[C@H](CO)[C@@H](O)[C@H](O)[C@H]3NC(=O)CCCCCCC(C)C)Oc3ccc(cc3Cl)C[C@H]3NC(=O)[C@H](N)c5ccc(O)c(c5)Oc5cc(O)cc(c5)[C@H](NC3=O)C(=O)N[C@H]4C(=O)N[C@H]3C(=O)N[C@@H]2C(=O)N[C@H](C(=O)[O-])c2cc(O)cc(O[C@H]4O[C@H](CO)[C@@H](O)[C@H](O)[C@@H]4O)c2-c2cc3ccc2O)O[C@H](CO)[C@@H](O)[C@@H]1O,0.83
Teicoplanin A2-3,CCCCCCCCCC(=O)N[C@H]1[C@H](Oc2c3cc4cc2Oc2ccc(cc2Cl)[C@@H](O[C@@H]2O[C@H](CO)[C@@H](O)[C@H](O)[C@H]2NC(C)=O)[C@@H]2NC(=O)[C@H](NC(=O)[C@@H]4NC(=O)[C@H]4NC(=O)[C@@H](Cc5ccc(c(Cl)c5)O3)NC(=O)[C@H](N)c3ccc(O)c(c3)Oc3cc(O)cc4c3)c3ccc(O)c(c3)-c3c(O[C@H]4O[C@H](CO)[C@@H](O)[C@H](O)[C@@H]4O)cc(O)cc3[C@@H](C(=O)[O-])NC2=O)O[C@H](CO)[C@@H](O)[C@@H]1O,0.57
Teicoplanin A2-4,CCC(C)CCCCCCC(=O)NC1C(Oc2c3cc4cc2Oc2ccc(cc2Cl)C(OC2OC(CO)C(O)C(O)C2NC(C)=O)C2NC(=O)C(NC(=O)C4NC(=O)C4NC(=O)C(Cc5ccc(c(Cl)c5)O3)NC(=O)C(N)c3ccc(O)c(c3)Oc3cc(O)cc4c3)c3ccc(O)c(c3)-c3c(OC4OC(CO)C(O)C(O)C4O)cc(O)cc3C(C(=O)[O-])NC2=O)OC(CO)C(O)C1O,0.57
Teicoplanin A2-5,CC(=O)N[C@H]1[C@H](O[C@@H]2c3ccc(c(Cl)c3)Oc3cc4cc(c3O[C@@H]3O[C@H](CO)[C@@H](O)[C@H](O)[C@H]3NC(=O)CCCCCCCC(C)C)Oc3ccc(cc3Cl)C[C@H]3NC(=O)[C@H](N)c5ccc(O)c(c5)Oc5cc(O)cc(c5)[C@H](NC3=O)C(=O)N[C@H]4C(=O)N[C@H]3C(=O)N[C@@H]2C(=O)N[C@H](C(=O)[O-])c2cc(O)cc(O[C@H]4O[C@H](CO)[C@@H](O)[C@H](O)[C@@H]4O)c2-c2cc3ccc2O)O[C@H](CO)[C@@H](O)[C@@H]1O,0.42
Cefodizime,CO/N=C(\C(=O)NC1C(=O)N2C(C(=O)[O-])=C(CSc3nc(C)c(CC(=O)[O-])s3)CSC12)c1csc(N)n1,0.05
L-692429,CC(C)([NH3+])CC(=O)NC1CCc2ccccc2N(Cc2ccc(-c3ccccc3-c3nnn[n-]3)cc2)C1=O,0.2
Dilevalol,CC(CCc1ccccc1)[NH2+]CC(O)c1ccc(O)c(C(N)=O)c1,4.8
Labetalol,CC(CCc1ccccc1)[NH2+]CC(O)c1ccc(O)c(C(N)=O)c1,4.8
Eniporide,Cc1cc(-n2cccc2)c(S(C)(=O)=O)cc1C(=O)NC(=N)N,1.1
Ribavirin,NC(=O)c1ncn(C2OC(CO)C(O)C2O)n1,14.0
Actisomide,CC1=NC(=O)C(CC[NH+](C(C)C)C(C)C)(c2ccccc2)C2CCCCN12,0.58
Fusidate sodium,CC(=O)OC1CC2(C)C(CC(O)C3C4(C)CCC(O)C(C)C4CCC32C)/C1=C(\CCC=C(C)C)C(=O)[O-],0.23
Cefpimizole,O=C([O-])C1=C(C[n+]2ccc(CCS(=O)(=O)[O-])cc2)CSC2C(NC(=O)C(NC(=O)c3nc[nH]c3C(=O)[O-])c3ccccc3)C(=O)N12,0.21
Rocuronium,C=CC[N+]1(C2CC3C4CCC5CC(O)C([NH+]6CCOCC6)CC5(C)C4CCC3(C)C2OC(C)=O)CCCC1,0.21
Escin Ia,C/C=C(\C)C(=O)OC1C(OC(C)=O)C2(CO)C(O)CC3(C)C(=CCC4C5(C)CCC(OC6OC(C(=O)[O-])C(OC7OC(CO)C(O)C(O)C7O)C(O)C6OC6OC(CO)C(O)C(O)C6O)C(C)(CO)C5CCC43C)C2CC1(C)C,0.28
Escin Ib,C/C=C(/C)C(=O)OC1C(OC(C)=O)C2(CO)C(O)CC3(C)C(=CCC4C5(C)CCC(OC6OC(C(=O)[O-])C(OC7OC(CO)C(O)C(O)C7O)C(O)C6OC6OC(CO)C(O)C(O)C6O)C(C)(CO)C5CCC43C)C2CC1(C)C,0.23
Moxifloxacin,COc1c(N2CC3CCC[NH2+]C3C2)c(F)cc2c(=O)c(C(=O)[O-])cn(C3CC3)c12,1.4
Amphotericin B,CC1/C=C\C=C/C=C\C=C/C=C\C=C/C=C\C(OC2OC(C)C(O)C([NH3+])C2O)CC2OC(O)(CC(O)CC(O)C(O)CCC(O)CC(O)CC(=O)OC(C)C(C)C1O)CC(O)C2C(=O)[O-],0.62
Ivabradine,COc1cc2c(cc1OC)CC(=O)N(CCC[NH+](C)CC1Cc3cc(OC)c(OC)cc31)CC2,1.66
Dinaciclib,CCc1cnn2c(NCc3ccc[n+]([O-])c3)cc(N3CCCCC3CCO)nc12,0.32
Mizolastine,CN(c1nccc(=O)[nH]1)C1CCN(c2nc3ccccc3n2Cc2ccc(F)cc2)CC1,0.38
Cephaloridine,O=C(Cc1cccs1)NC1C(=O)N2C(C(=O)[O-])=C(C[n+]3ccccc3)CSC12,0.46
Trandolapril,CCOC(=O)C(CCc1ccccc1)NC(C)C(=O)N1C(C(=O)[O-])CC2CCCCC21,0.25
Lurtotecan,CCC1(O)C(=O)OCc2c1cc1n(c2=O)Cc2c-1nc1cc3c(cc1c2CN1CC[NH+](C)CC1)OCCO3,4.77
Thionylan (Methapyrilene),C[NH+](C)CCN(Cc1cccs1)c1ccccn1,3.3
Folinic acid,Nc1nc(=O)c2c([nH]1)NCC(CNc1ccc(C(=O)NC(CCC(=O)[O-])C(=O)[O-])cc1)N2C=O,0.25
Levoleucovorin,Nc1nc(=O)c2c([nH]1)NCC(CNc1ccc(C(=O)NC(CCC(=O)[O-])C(=O)[O-])cc1)N2C=O,0.27
Gliclazide,Cc1ccc(S(=O)(=O)[N-]C(=O)NN2CC3CCCC3C2)cc1,0.43
Imatinib,Cc1ccc(NC(=O)c2ccc(CN3CC[NH+](C)CC3)cc2)cc1Nc1nccc(-c2cccnc2)n1,3.9
Erythromycin,CCC1OC(=O)C(C)C(OC2CC(C)(OC)C(O)C(C)O2)C(C)C(OC2OC(C)CC([NH+](C)C)C2O)C(C)(O)CC(C)C(=O)C(C)C(O)C1(C)O,0.95
Clarithromycin,CCC1OC(=O)C(C)C(OC2CC(C)(OC)C(O)C(C)O2)C(C)C(OC2OC(C)CC([NH+](C)C)C2O)C(C)(OC)CC(C)C(=O)C(C)C(O)C1(C)O,1.5
Topixantrone,C[NH+](C)CCNc1ccc2c3c(nn2CC[NH2+]CCO)-c2cnccc2C(=O)c13,57.0
Flecainide,O=C(NCC1CCCC[NH2+]1)c1cc(OCC(F)(F)F)ccc1OCC(F)(F)F,6.1
Eprosartan,CCCCc1ncc(/C=C(/Cc2cccs2)C(=O)[O-])n1Cc1ccc(C(=O)[O-])cc1,0.17
Riluzole,Nc1nc2ccc(OC(F)(F)F)cc2s1,3.5
Quinacrine,CC[NH+](CC)CCCC(C)Nc1c2ccc(Cl)cc2[nH+]c2ccc(OC)cc12,45.0
GSK461364,CC(Oc1cc(-n2cnc3ccc(CN4CC[NH+](C)CC4)cc32)sc1C(N)=O)c1ccccc1C(F)(F)F,12.0
Nebivolol,OC(C[NH2+]CC(O)C1CCc2cc(F)ccc2O1)C1CCc2cc(F)ccc2O1,11.0
Soblidotin,CCC(C)C(C(CC(=O)N1CCCC1C(OC)C(C)C(=O)NCCc1ccccc1)OC)N(C)C(=O)C(NC(=O)C(C(C)C)N(C)C)C(C)C,0.42
Verteporfin-Mac,C=CC1=C(C)c2cc3[nH]c(cc4[nH+]c(cc5[nH]c(cc1[nH+]2)c(C)c5CCC(=O)[O-])C(CCC(=O)OC)=C4C)C1(C)C3=CC=C(C(=O)OC)C1C(=O)OC,0.63
Verteporfin-Mad,C=CC1=C(C)c2cc3[nH]c(cc4[nH+]c(cc5[nH]c(cc1[nH+]2)c(C)c5CCC(=O)OC)C(CCC(=O)[O-])=C4C)C1(C)C3=CC=C(C(=O)OC)C1C(=O)OC,0.51
Remikiren,CC(C)(C)S(=O)(=O)CC(Cc1ccccc1)C(=O)NC(Cc1c[nH]cn1)C(=O)NC(CC1CCCCC1)C(O)C(O)C1CC1,0.77
Sparfloxacin,CC1CN(c2c(F)c(N)c3c(=O)c(C(=O)[O-])cn(C4CC4)c3c2F)CC(C)[NH2+]1,3.9
Gatifloxacin,COc1c(N2CC[NH2+]C(C)C2)c(F)cc2c(=O)c(C(=O)[O-])cn(C3CC3)c12,1.7
Ciprofloxacin,O=C([O-])c1cn(C2CC2)c2cc(N3CC[NH2+]CC3)c(F)cc2c1=O,2.1
Caderofloxacin,CC1CN(c2c(F)cc3c(=O)c(C(=O)[O-])cn(C4CC4)c3c2OC(F)F)CC[NH2+]1,1.1
Isomazole,COc1cc(S(C)=O)ccc1-c1nc2ccncc2[nH]1,1.67
Roflumilast,O=C(Nc1c(Cl)cncc1Cl)c1ccc(OC(F)F)c(OCC2CC2)c1,1.92
Ertapenem,CC(O)C1C(=O)N2C(C(=O)[O-])=C(SC3CNC(C(=O)Nc4cccc(C(=O)[O-])c4)C3)C(C)C12,0.12
Sitafloxacin,[NH3+]C1CN(c2c(F)cc3c(=O)c(C(=O)[O-])cn(C4CC4F)c3c2Cl)CC12CC2,1.5
Tubocurarine,COc1cc2c3cc1Oc1cc(ccc1O)CC1c4c(cc(OC)c(O)c4Oc4ccc(cc4)CC3[NH+](C)CC2)CC[N+]1(C)C,0.45
Metocurine,COc1ccc2cc1Oc1cc3c(cc1OC)CC[N+](C)(C)C3Cc1ccc(cc1)Oc1c(OC)c(OC)cc3c1C(C2)[N+](C)(C)CC3,0.4
Naphtidrofuryl oxalate,CC[NH+](CC)CCOC(=O)C(Cc1cccc2ccccc12)CC1CCCO1,0.98
Phenoxymethylpenicillin,CC1(C)SC2C(NC(=O)COc3ccccc3)C(=O)N2C1C(=O)[O-],0.41
Phenethicillin,CC(Oc1ccccc1)C(=O)NC1C(=O)N2C1SC(C)(C)C2C(=O)[O-],0.3
Meloxicam,Cc1cnc([N-]C(=O)C2=C([O-])c3ccccc3S(=O)(=O)N2C)s1,0.15
Glyburide,COc1ccc(Cl)cc1C(=O)NCCc1ccc(S(=O)(=O)[N-]C(=O)NC2CCCCC2)cc1,0.08
Gefitinib,COc1cc2ncnc(Nc3ccc(F)c(Cl)c3)c2cc1OCCC[NH+]1CCOCC1,23.0
Oseltamivir acid,CCC(CC)OC1C=C(C(=O)[O-])CC([NH3+])C1NC(C)=O,0.37
Carvedilol,COc1ccccc1OCC[NH2+]CC(O)COc1cccc2[nH]c3ccccc3c12,1.3
Acetazolamide,CC(=O)Nc1nnc(S(N)(=O)=O)s1,0.37
Distigmine,CN(CCCCCCN(C)C(=O)Oc1ccc[n+](C)c1)C(=O)Oc1ccc[n+](C)c1,1.0
Spectinomycin,CNC1C(O)C([NH2+]C)C2OC3(O)C(=O)CC(C)OC3OC2C1O,0.13
Trospectomycin,CCCCC1CC(=O)C2(O)OC3C([NH2+]C)C(O)C(NC)C(O)C3OC2O1,0.7
Xamoterol,O=C(NCC[NH2+]CC(O)COc1ccc(O)cc1)N1CCOCC1,0.64
Lamifiban,NC(=[NH2+])c1ccc(C(=O)NC(Cc2ccc(O)cc2)C(=O)N2CCC(OCC(=O)[O-])CC2)cc1,0.29
Thalidomide,O=C1CCC(N2C(=O)c3ccccc3C2=O)C(=O)N1,0.95
Mebendazole,COC(=O)Nc1nc2cc(C(=O)c3ccccc3)ccc2[nH]1,1.2
"Hydroxycotinine, 3'-",CN1C(=O)C([O-])CC1c1cccnc1,0.85
Cotinine,CN1C(=O)CCC1c1cccnc1,1.1
Irinotecan,CCc1c2c(nc3ccc(OC(=O)N4CCC([NH+]5CCCCC5)CC4)cc13)-c1cc3c(c(=O)n1C2)COC(=O)C3(O)CC,3.5
Quinidine,C=CC1C[NH+]2CCC1CC2C(O)c1ccnc2ccc(OC)cc12,2.9
Quinine,C=CC1C[NH+]2CCC1CC2C(O)c1ccnc2ccc(OC)cc12,1.8
"Hydroxydihydroquinidine, 3(S)-",CCC1(O)C[NH+]2CCC1CC2C(O)c1ccnc2ccc(OC)cc12,6.8
Dihydroquinidine,CCC1C[NH+]2CCC1CC2C(O)c1ccnc2ccc(OC)cc12,2.8
Atipamizole,CCC1(c2cnc[nH]2)Cc2ccccc2C1,2.7
"Methylthiomethylpaclitaxel, 7-",CSCOC1CC2OCC2(OC(C)=O)C2C(OC(=O)c3ccccc3)C3(O)CC(OC(=O)C(O)C(NC(=O)c4ccccc4)c4ccccc4)C(C)=C(C(OC(C)=O)C(=O)C12C)C3(C)C,11.0
DHA Paclitaxel,CC/C=C\C/C=C\C/C=C\C/C=C\C/C=C\C/C=C\CCC(=O)OC(C(=O)OC1CC2(O)C(OC(=O)c3ccccc3)C3C4(OC(C)=O)COC4CC(O)C3(C)C(=O)C(OC(C)=O)C(=C1C)C2(C)C)C(NC(=O)c1ccccc1)c1ccccc1,0.07
"Desacetylpaclitaxel, 4-; 4-methyl carbonate",COC(=O)OC12COC1CC(O)C1(C)C(=O)C(OC(C)=O)C3=C(C)C(OC(=O)C(O)C(NC(=O)c4ccccc4)c4ccccc4)CC(O)(C(OC(=O)c4ccccc4)C21)C3(C)C,6.9
Paclitaxel,CC(=O)OC1C(=O)C2(C)C(O)CC3OCC3(OC(C)=O)C2C(OC(=O)c2ccccc2)C2(O)CC(OC(=O)C(O)C(NC(=O)c3ccccc3)c3ccccc3)C(C)=C1C2(C)C,3.0
Eritoran,CCCCCC/C=C\CCCCCCCCCC(=O)N[C@H]1[C@H](OC[C@H]2O[C@H](OP(=O)([O-])[O-])[C@H](NC(=O)CC(=O)CCCCCCCCCCC)[C@@H](OCCCCCCCCCC)[C@@H]2O)O[C@H](COC)[C@@H](OP(=O)([O-])[O-])[C@@H]1OCC[C@@H](CCCCCCC)OC,0.05
Doxepin,C[NH+](C)CC/C=C1\c2ccccc2COc2ccccc21,12.0
Doxacurium,COc1cc(CC2c3c(cc(OC)c(OC)c3OC)CC[N+]2(C)CCCOC(=O)CCC(=O)OCCC[N+]2(C)CCc3cc(OC)c(OC)c(OC)c3C2Cc2cc(OC)c(OC)c(OC)c2)cc(OC)c1OC,0.22
Vardenafil,CCCc1nc(C)c2c(=O)[nH]c(-c3cc(S(=O)(=O)N4CC[NH+](CC)CC4)ccc3OCC)nn12,3.0
GSK2239633,COc1cccc2c1c([N-]S(=O)(=O)c1ccc(Cl)s1)nn2Cc1cccc(CNC(=O)C(C)(C)O)c1,1.65
GSK2251052,[NH3+]CC1OB(O)c2c(OCCCO)cccc21,2.37
Ramelteon,CCC(=O)NCCC1CCc2ccc3c(c21)CCO3,1.05
Nefopam,C[NH+]1CCOC(c2ccccc2)c2ccccc2C1,5.6
Diltiazem,COc1ccc(C2Sc3ccccc3N(CC[NH+](C)C)C(=O)C2OC(C)=O)cc1,4.1
Clentiazem,COc1ccc(C2Sc3cc(Cl)ccc3N(CC[NH+](C)C)C(=O)C2OC(C)=O)cc1,9.7
Gisadenafil,CCOc1ncc(S(=O)(=O)N2CC[NH+](CC)CC2)cc1-c1nc(=O)c2nn(CCOC)c(CC)c2[n-]1,2.4
RSD921,CN(C(=O)Cc1cccc2sccc12)C1CCCCC1[NH+]1CCCC1,1.1
Dobesilic acid,O=S(=O)(O)c1cc(O)ccc1O,0.12
Tocainide,Cc1cccc(C)c1NC(=O)C(C)[NH3+],1.8
Ibuprofen,CC(C)Cc1ccc(C(C)C(=O)[O-])cc1,0.15
Ibutilide,CCCCCCC[NH+](CC)CCCC(O)c1ccc(NS(C)(=O)=O)cc1,12.0
Tolbutamide,CCCCNC(=O)[N-]S(=O)(=O)c1ccc(C)cc1,0.12
Idrocilamide,O=C(/C=C/c1ccccc1)NCCO,0.11
Metaproterenol,CC(C)NCC(O)c1cc(O)cc(O)c1,6.03
Iopentol,COC[C@@H](O)CN(C(C)=O)c1c(I)c(C(=O)NC[C@H](O)CO)c(I)c(C(=O)NC[C@H](O)CO)c1I,0.2
INO-1001,NC(=O)c1cccc(N)c1,1.9
Iohexol,CC(=O)N(CC(O)CO)c1c(I)c(C(=O)NCC(O)CO)c(I)c(C(=O)NCC(O)CO)c1I,0.16
Iomeprol,CN(C(=O)CO)c1c(I)c(C(=O)NCC(O)CO)c(I)c(C(=O)NCC(O)CO)c1I,0.23
Iopamidol,CC(O)C(=O)Nc1c(I)c(C(=O)NC(CO)CO)c(I)c(C(=O)NC(CO)CO)c1I,0.28
Iopromide,COCC(=O)Nc1c(I)c(C(=O)NCC(O)CO)c(I)c(C(=O)N(C)CC(O)CO)c1I,0.22
Acebutolol,CCCC(=O)Nc1ccc(OCC(O)C[NH2+]C(C)C)c(C(C)=O)c1,1.7
Acecainide (N-acetylprocainamide),CC[NH+](CC)CCNC(=O)c1ccc(NC(C)=O)cc1,1.9
Iothalamic acid (Iothalamate),CNC(=O)c1c(I)c(NC(C)=O)c(I)c(C(=O)[O-])c1I,0.17
Acetaminophen,CC(=O)Nc1ccc(O)cc1,1.0
Trospium,Nc1cccc(N)c1N,5.1
Acetylsalicylic Acid,CC(=O)Oc1ccccc1C(=O)[O-],0.22
Isoproterenol,CC(C)[NH2+]CC(O)c1ccc(O)c(O)c1,1.5
Albuterol (salbutamol),CC(C)(C)[NH2+]CC(O)c1ccc(O)c(CO)c1,1.9
Ixazomib,CC(C)CC(NC(=O)CNC(=O)c1cc(Cl)ccc1Cl)B(O)O,3.61
Almokalant,CCCS(=O)CCC[NH+](CC)CC(O)COc1ccc(C#N)cc1,1.8
Alprenolol,C=CCc1ccccc1OCC(O)C[NH2+]C(C)C,3.2
Lacosamide,COCC(NC(C)=O)C(=O)NCc1ccccc1,0.58
Vorinostat,O=C(CCCCCCC(=O)Nc1ccccc1)NO,0.5
"Aminosalicylic acid, 5-",Nc1ccc(O)c(C(=O)[O-])c1,0.33
Leflunomide metabolite (A 771726),C/C([O-])=C(/C#N)C(=O)Nc1ccc(C(F)(F)F)cc1,0.13
Amphetamine (-d),CC([NH3+])Cc1ccccc1,6.1
Levodopa,[NH3+]C(Cc1ccc(O)c(O)c1)C(=O)[O-],1.7
Lidocaine,CC[NH+](CC)CC(=O)Nc1c(C)cccc1C,1.8
Lisdexamfetamine,CC(Cc1ccccc1)NC(=O)C([NH3+])CCCC[NH3+],0.6
Asarone,C/C=C/c1cc(OC)c(OC)cc1OC,1.0
Atenolol,CC(C)[NH2+]CC(O)COc1ccc(CC(N)=O)cc1,0.95
Loxiglumide,CCCCCN(CCCOC)C(=O)C(CCC(=O)[O-])NC(=O)c1ccc(Cl)c(Cl)c1,0.24
Baclofen,[NH3+]CC(CC(=O)[O-])c1ccc(Cl)cc1,0.65
Bambuterol,CN(C)C(=O)Oc1cc(OC(=O)N(C)C)cc(C(O)C[NH2+]C(C)(C)C)c1,1.6
Melphalan,[NH3+]C(Cc1ccc(N(CCCl)CCCl)cc1)C(=O)[O-],0.48
Betamipron,O=C([O-])CCNC(=O)c1ccccc1,0.28
Methamphetamine,C[NH2+]C(C)Cc1ccccc1,4.3
Methyldopa,CC([NH3+])(Cc1ccc(O)c(O)c1)C(=O)[O-],0.69
Bisoprolol,CC(C)[NH2+]CC(O)COc1ccc(COCCOC(C)C)cc1,2.4
Metoclopramide,CC[NH+](CC)CCNC(=O)c1cc(Cl)c(N)cc1OC,3.2
Metoprolol,COCCc1ccc(OCC(O)C[NH2+]C(C)C)cc1,3.1
Metrizoate,CC(=O)Nc1c(I)c(C(=O)[O-])c(I)c(N(C)C(C)=O)c1I,0.17
Bromopride,CC[NH+](CC)CCNC(=O)c1cc(Br)c(N)cc1OC,3.1
Mexiletine,Cc1cccc(C)c1OCC(C)[NH3+],5.9
Midodrine,COc1ccc(OC)c(C(O)CNC(=O)C[NH3+])c1,0.67
CB 10-277,CN(C)N=Nc1ccc(C(=O)[O-])cc1,0.25
Neostigmine,CN(C)C(=O)Oc1cccc([N+](C)(C)C)c1,0.74
Chlorambucil,O=C([O-])CCCc1ccc(N(CCCl)CCCl)cc1,0.26
Chloramphenicol,O=C(NC(CO)C(O)c1ccc([N+](=O)[O-])cc1)C(Cl)Cl,0.94
Chlorpropamide,CCCNC(=O)[N-]S(=O)(=O)c1ccc(Cl)cc1,0.19
Oxprenolol,C=CCOc1ccccc1OCC(O)C[NH2+]C(C)C,0.72
Phenacetin,CCOc1ccc(NC(C)=O)cc1,1.4
Deacetyl metipranolol,Cc1cc(OCC(O)C[NH2+]C(C)C)c(C)c(C)c1O,3.6
PR-104,CS(=O)(=O)OCCN(CCBr)c1c(C(=O)NCCOP(=O)([O-])[O-])cc([N+](=O)[O-])cc1[N+](=O)[O-],0.86
Dexfenfluramine,CC[NH2+]C(C)Cc1cccc(C(F)(F)F)c1,11.0
Dexloxiglumide,CCCCCN(CCCOC)C(=O)C(CCC(=O)[O-])NC(=O)c1ccc(Cl)c(Cl)c1,0.18
Diatrizoic Acid (Amidotrizoate),CC(=O)Nc1c(I)c(NC(C)=O)c(I)c(C(=O)[O-])c1I,0.26
Prenalterol,CC(C)[NH2+]CC(O)COc1ccc(O)cc1,4.28
Prilocaine,CCC[NH2+]C(C)C(=O)Nc1ccccc1C,3.7
Probenecid,CCCN(CCC)S(=O)(=O)c1ccc(C(=O)[O-])cc1,0.13
Procainamide,CC[NH+](CC)CCNC(=O)c1ccc(N)cc1,2.2
Propofol,CC(C)c1cccc(C(C)C)c1O,4.7
Disufenton sodium,CC(C)(C)/[N+]([O-])=C/c1ccc(S(=O)(=O)[O-])cc1S(=O)(=O)[O-],0.18
Dopamine,[NH3+]CCc1ccc(O)c(O)c1,0.74
Recainam,Cc1cccc(C)c1NC(=O)NCCC[NH2+]C(C)C,1.4
Edrophonium,CC[N+](C)(C)c1cccc(O)c1,1.1
Rivastigmine,CCN(C)C(=O)Oc1cccc(C(C)[NH+](C)C)c1,1.3
Entacapone,CCN(CC)C(=O)/C(C#N)=C/c1cc(O)c([O-])c([N+](=O)[O-])c1,0.27
Esmolol,COC(=O)CCc1ccc(OCC(O)C[NH2+]C(C)C)cc1,1.2
Ethacrynic Acid,C=C(CC)C(=O)c1ccc(OCC(=O)[O-])c(Cl)c1Cl,0.26
Sematilide,CC[NH+](CC)CCNC(=O)c1ccc(NS(C)(=O)=O)cc1,0.82
Etilefrine,CC[NH2+]CC(O)c1cccc(O)c1,2.1
Sotalol,CC(C)[NH2+]CC(O)c1ccc(NS(C)(=O)=O)cc1,1.3
Fingolimod,CCCCCCCCc1ccc(CCC([NH3+])(CO)CO)cc1,17.3
Tebufelone,C#CCCCC(=O)c1cc(C(C)(C)C)c(O)c(C(C)(C)C)c1,12.0
Terbutaline,CC(C)(C)[NH2+]CC(O)c1cc(O)cc(O)c1,1.5
Teriflunomide,C/C([O-])=C(\C#N)C(=O)Nc1ccc(C(F)(F)F)cc1,0.16
Gludopa,[NH3+]C(CCC(=O)NC(Cc1ccc(O)c(O)c1)C(=O)[O-])C(=O)[O-],0.21
Thiamphenicol glycinate,CS(=O)(=O)c1ccc(C(O)C(COC(=O)C[NH3+])NC(=O)C(Cl)Cl)cc1,0.13
Tiapride,CC[NH+](CC)CCNC(=O)c1cc(S(C)(=O)=O)ccc1OC,1.1
Guanfacine,NC(=[NH2+])NC(=O)Cc1c(Cl)cccc1Cl,5.6
Tiludronate,O=P([O-])([O-])C(Sc1ccc(Cl)cc1)P(=O)([O-])O,0.23
Dehydroandrographolide succinate,C=C1CCC2C(C)(COC(=O)CCC(=O)[O-])C(OC(=O)CCC(=O)[O-])CCC2(C)C1/C=C/C1=CCOC1=O,0.13
DQ-2556,CO/N=C(/C(=O)N[C@@H]1C(=O)N2C(C(=O)[O-])=C(C[n+]3ccc(-c4cnco4)cc3)CS[C@H]12)c1csc(N)n1,0.22
Vismodegib,CS(=O)(=O)c1ccc(C(=O)Nc2ccc(Cl)c(-c3ccccn3)c2)c(Cl)c1,0.23
Otamixaban,COC(=O)C(Cc1cccc(C(N)=[NH2+])c1)C(C)NC(=O)c1ccc(-c2cc[n+]([O-])cc2)cc1,0.89
Fluticasone furoate,CC1CC2C3CC(F)C4=CC(=O)C=CC4(C)C3(F)C(O)CC2(C)C1(OC(=O)c1ccco1)C(=O)SCF,4.95
Mometasone Furoate,CC1CC2C3CCC4=CC(=O)C=CC4(C)C3(Cl)C(O)CC2(C)C1(OC(=O)c1ccco1)C(=O)CCl,2.2
Norfloxacine,CCn1cc(C(=O)[O-])c(=O)c2cc(F)c(N3CC[NH2+]CC3)cc21,1.88
Fleroxacin,C[NH+]1CCN(c2c(F)cc3c(=O)c(C(=O)[O-])cn(CCF)c3c2F)CC1,1.6
Pefloxacin,CCn1cc(C(=O)[O-])c(=O)c2cc(F)c(N3CC[NH+](C)CC3)cc21,1.5
Lomefloxacin,CCn1cc(C(=O)[O-])c(=O)c2cc(F)c(N3CC[NH2+]C(C)C3)c(F)c21,2.04
Betaxolol,CC(C)[NH2+]CC(O)COc1ccc(CCOCC2CC2)cc1,4.8
Gambogic acid,CC(C)=CCCC1(C)C=Cc2c(O)c3c(c(CC=C(C)C)c2O1)OC12C(=CC4CC1C(C)(C)OC2(C/C=C(/C)C(=O)[O-])C4=O)C3=O,0.99
Pazopanib,Cc1ccc(Nc2nccc(N(C)c3ccc4c(C)n(C)nc4c3)n2)cc1S(N)(=O)=O,0.16
CGP31608,C[C@@H](O)[C@H]1C(=O)N2C(C(=O)O)=C(CN)S[C@H]12,0.23
Sch34343,CC(O)C1C(=O)N2C(C(=O)[O-])=C(SCCOC(N)=O)SC12,0.3
Ritipenem,CC(O)C1C(=O)N2C(C(=O)[O-])=C(COC(N)=O)SC12,0.24
Eletriptan,C[NH+]1CCCC1Cc1c[nH]c2ccc(CCS(=O)(=O)c3ccccc3)cc12,1.6
PF-4776548,COc1cc(F)ccc1Cn1ccc2c3c(ncc21)C(=O)N([O-])CC3,5.7
Thiopental,CCCC(C)C1(CC)C(=O)[N-]C(=S)NC1=O,1.2
Fosfomycin,CC1OC1P(=O)([O-])[O-],0.32
Lamivudine,Nc1ccn(C2CSC(CO)O2)c(=O)n1,1.3
Zolpidem,Cc1ccc(-c2nc3ccc(C)cn3c2CC(=O)N(C)C)cc1,0.54
Cisapride,COc1cc(N)c(Cl)cc1C(=O)NC1CC[NH+](CCCOc2ccc(F)cc2)CC1OC,1.2
Moxonidine,COc1nc(C)nc(Cl)c1NC1=[NH+]CCN1,1.8
Miglitol,OCCN1CC(O)C(O)C(O)C1CO,0.28
E7974,C/C(=C\C(C(C)C)N(C)C(=O)C(NC(=O)C1CCCCN1C(C)C)C(C)(C)C)C(=O)[O-],1.26
Edaravone,CC1=NN(c2ccccc2)C(=O)C1,0.23
Cilomilast,COc1ccc(C2(C#N)CCC(C(=O)[O-])CC2)cc1OC1CCCC1,0.23
Valdecoxib,Cc1onc(-c2ccccc2)c1-c1ccc(S(N)(=O)=O)cc1,0.75
Sumatriptan,CNS(=O)(=O)Cc1ccc2[nH]cc(CC[NH+](C)C)c2c1,1.7
Pindolol,CC(C)[NH2+]CC(O)COc1cccc2[nH]ccc12,1.2
Tegaserod,CCCCCNC(=[NH2+])N/N=C/c1c[nH]c2ccc(OC)cc12,5.3
Melatonin,COc1ccc2[nH]cc(CCNC(C)=O)c2c1,1.1
Temsirolimus,COC1CC2CCC(C)C(O)(O2)C(=O)C(=O)N2CCCCC2C(=O)OC(C(C)CC2CCC(OC(=O)C(C)(CO)CO)C(OC)C2)CC(=O)C(C)/C=C(\C)C(O)C(OC)C(=O)C(C)CC(C)/C=C/C=C/C=C/1C,3.0
Biolimus A9,CCOCCOC1CCC(CC(C)C2CC(=O)C(C)/C=C(\C)C(O)C(OC)C(=O)C(C)CC(C)/C=C/C=C/C=C(\C)C(OC)CC3CCC(C)C(O)(O3)C(=O)C(=O)N3CCCCC3C(=O)O2)CC1OC,44.5
Deferolimus,COC1CC2CCC(C)C(O)(O2)C(=O)C(=O)N2CCCCC2C(=O)OC(C(C)CC2CCC(OP(C)(C)=O)C(OC)C2)CC(=O)C(C)/C=C(\C)C(O)C(OC)C(=O)C(C)CC(C)/C=C/C=C/C=C/1C,3.2
Org 28611,COc1cccc2c(C(=O)N3CC[NH+](C)C(C)C3)cn(CC3CCCCC3)c12,1.0
Flucytosine,Nc1[nH]c(=O)ncc1F,0.68
Cidofovir,Nc1ccn(CC(CO)OCP(=O)([O-])[O-])c(=O)n1,0.49
Propafenone,CCC[NH2+]CC(O)COc1ccccc1C(=O)CCc1ccccc1,2.2
Diprafenone,CCC(C)(C)[NH2+]CC(O)COc1ccccc1C(=O)CCc1ccccc1,1.2
